prodId,prodNome,prodMarca,prodPrecoCompra,prodPrecoVenda,prodPercentual,prodQtd,prodTipo
1,Produto Indisponivel,1,0,0,0,0,PRODUTO
8,ARMAÇÃO NYLON,5,"190,00","380,00",100,4,PRODUTO
10,ARMAÇÃO BALGRIF,21,"150,00","300,00",100,1,PRODUTO
18,OCULOS SOLAR PROSOL,13,200,"400,00",100,0,PRODUTO
19,OCULOS SOLAR PIERRE CARDIN,9,"275,00","550,00",100,0,PRODUTO
21,SOLAR Z FORA DE LINHA,38,"270,00","540,00",100,1,PRODUTO
23,SOLAR Z FORA DE LINHA,67,"240,00","480,00",100,0,PRODUTO
24,SOLAR Z FORA DE LINHA,2,0,0,0,1,PRODUTO
26,SOLAR Z FORA DE LINHA,68,"175,00","350,00",100,0,PRODUTO
27,SOLAR MAXLINE,8,"330,00","660,00",100,0,PRODUTO
28,SOLAR Z FORA DE LINHA,4,"260,00","520,00",100,0,PRODUTO
30,SOLAR Z FORA DE LINHA,71,0,0,0,1,PRODUTO
31,OCULOS SOLAR LEMUD,72,"275,00","550,00",100,0,PRODUTO
32,OCULOS SOLAR KRISTAL,73,"200,00","400,00",100,1,PRODUTO
33,SOLAR COROLLA,5,"250,00","500,00",100,1,PRODUTO
34,SOLAR Z FORA DE LINHA,74,"140,00","280,00",100,1,PRODUTO
35,SOLAR Z FORA DE LINHA,75,"150,00","300,00",100,0,PRODUTO
36,SOLAR Z FORA DE LINHA,76,0,0,0,1,PRODUTO
37,SOLAR Z FORA DE LINHA,4,"300,00","600,00",100,0,PRODUTO
40,LENTE P VIP/INC,64,"195,00","390,00",100,5,PRODUTO
41,LENTE P GT21.67/AR-MAR,63,"625,00","1250,00",100,2,PRODUTO
42,LENTE P 1.50 ESPACE / INC.,60,"255,00","510,00",100,5,PRODUTO
43,LENTE P 1.50 ESPACE/TRANST,60,"390,00","780,00",100,14,PRODUTO
44,LENTE ARGOS 1.50 INC.,51,"500,00","1000,00",100,10,PRODUTO
45,LENTE ARGOS 1.50 AR CX,51,"700,00","1400,00",100,20,PRODUTO
47,LENTE GT2 PHOTOFUSION,63,"900,00","1800,00",100,9,PRODUTO
48,LENTE P GT2/INC,63,"250,00","500,00",100,6,PRODUTO
49,LENTE P 1.50 ESPACE / AR,60,"325,00","650,00",100,4,PRODUTO
50,LENTE P VIP/TRANST,64,"380,00","760,00",100,1,PRODUTO
51,LENTE P VIP/AR,64,"325,00","650,00",100,2,PRODUTO
54,LENTE P VARILUX LIB/INC,60,"600,00","1200,00",100,9,PRODUTO
55,LENTE P VARILUX LIB/CZ,60,"560,00","1120,00",100,3,PRODUTO
56,VARILUX LIBERTY360 TRAN/CZ SAPPHIPE,60,"1082,00","2164,00",100,10,PRODUTO
57,LENTE VARILUX CONFORT MAX INC,60,"750,00","1500,00",100,5,PRODUTO
58,VARILUX COMFORT MAX CZ SAPPHIRE,60,"1350,00","2700,00",100,15,PRODUTO
59,LENTE P VARILUX CONF.TRAN/CZ,60,"1354,00","2708,00",100,6,PRODUTO
60,LENTE Z FORA DE LINHA,128,"180,00","360,00",100,0,PRODUTO
70,LENTE PR1.50 ARGOS TRANSIT,51,"572,0","1144,00",100,8,PRODUTO
71,LENTE PR1.50 ARGOS TRANSIT,51,"754,50","1509,00",100,12,PRODUTO
72,LENTE P NOLINE INC,60,"250,00","500,00",100,2,PRODUTO
73,LENTE P NOLINE TRANS,60,"390,00","780,00",100,2,PRODUTO
74,LENTE P 1.50 ESPACE TRAN/AR,60,"450,00","900,00",100,7,PRODUTO
75,LENTE P 1.50 ESPACE TRANS VII/AR,60,"550,00","1100,00",100,6,PRODUTO
76,LENTE PR1.50 ARGOS TF INC.,51,"387,00","774,00",100,3,PRODUTO
77,ARMAÇÃO PLATINI,4,"225,00","450,00",100,9,PRODUTO
78,SOLAR Z FORA DE LINHA,4,"260,00","520,00",100,0,PRODUTO
79,ARMAÇÃO NYLON,4,"170,00","340,00",100,4,PRODUTO
80,ARMAÇÃO Z FORA DE LINHA,4,"156,00","312,00",100,1,PRODUTO
81,ARMAÇÃO NYLON,27,"140,00","280,00",100,6,PRODUTO
83,ARMAÇÃO NYLON,32,"145,00","290,00",100,1,PRODUTO
84,ARMAÇÃO NYLON,13,"190,00","380,00",100,3,PRODUTO
85,ARMAÇÃO Z FORA DE LINHA,41,"225,00","450,00",100,0,PRODUTO
86,ARMAÇÃO RAY BAN,41,"236,00","472,00",100,1,PRODUTO
87,ARMAÇÃO Z FORA DE LINHA,41,"275,00","550,00",100,2,PRODUTO
88,ARMAÇÃO TECNOL,14,"165,00","330,00",100,14,PRODUTO
89,ARMAÇÃO ACETATO,14,"176,00","352,00",100,0,PRODUTO
90,ARMAÇÃO INFANTIL DIVERSAS,31,"135,00","270,00",100,45,PRODUTO
91,ARMAÇÃO NYLON,31,"135,00","270,00",100,0,PRODUTO
92,ARMAÇÃO ACETATO,43,"155,00","310,00",100,0,PRODUTO
93,ARMAÇÃO NYLON,43,"135,00","270,00",100,1,PRODUTO
94,ARMAÇÃO NYLON,16,"170,00","340,00",100,0,PRODUTO
95,ARMAÇÃO VOGUE,39,"170,00","340,00",100,2,PRODUTO
96,ARMAÇÃO NYLON,30,"165,00","330,00",100,3,PRODUTO
97,ARMAÇÃO NYLON FL,9,"160,00","320,00",100,1,PRODUTO
98,ARMAÇÃO PIERRE CARDIN,9,"175,00","350,00",100,0,PRODUTO
100,ARMAÇÃO ACETATO,6,"160,00","320,00",100,1,PRODUTO
101,ARMAÇÃO Z FORA DE LINHA,8,"195,00","390,00",100,8,PRODUTO
102,ARMAÇÃO MAXLINE,8,"190,00","380,00",100,-1,PRODUTO
103,ARMAÇÃO LUCIANA GIMENES,29,"140,00","280,00",100,1,PRODUTO
104,ARMAÇÃO NYLON,29,"140,00","280,00",100,1,PRODUTO
107,ARMAÇÃO NYLON,36,"140,00","280,00",100,1,PRODUTO
108,ARMAÇÃO COPACABANA,26,"161,00","322,00",100,0,PRODUTO
109,LENTE ARGOS 1.60 AR BC,51,"850,00","1700,00",100,9,PRODUTO
111,ARMAÇÃO JEAN MONIER,2,"215,00","430,00",100,20,PRODUTO
112,LENTE VS1.49 ACABADA AR,83,"200,00","400,00",100,1,PRODUTO
113,LENTE VS1.53 SENSITY AR NR/BC,51,"1250,00","2500,00",100,7,PRODUTO
114,ARMAÇÃO NYLON,82,"145,00","290,00",100,0,PRODUTO
120,COLOLAÇÃO CINZA DEGRADE,84,"50,00","100,00",100,22,PRODUTO
121,LENTE BIF. ULTEX TRANS IV,60,"425,00","850,00",100,4,PRODUTO
122,ARMAÇÃO JEAN PIERRE,3,"200,00","400,00",100,6,PRODUTO
123,LENTE VS1.50 TRANSIT C2,51,"250,00","500,00",100,3,PRODUTO
125,LENTE VS1.49 ACABADA INC,64,"165,00","330,00",100,3,PRODUTO
126,ARMAÇÃO NYLON,25,"150,00","300,00",100,3,PRODUTO
127,ARMAÇÃO NYLON,6,"158,00","316,00",100,2,PRODUTO
128,LENTE BIF. ULTEX INC,60,"175,00","350,00",100,4,PRODUTO
129,LENTE BIF. BIOVIS INC,60,"175,00","350,00",100,5,PRODUTO
130,LENTE BIF. BIOVIS TRANT II,60,"250,00","500,00",100,5,PRODUTO
131,ARMAÇÃO NYLON,72,"175,00","350,00",100,0,PRODUTO
132,LENTE VS1.50 ACABADA AR C-4,60,"265,00","530,00",100,6,PRODUTO
133,ARMAÇÃO BERINE,82,"180,00","360,00",100,163,PRODUTO
134,LENTE VS1.50 INC,60,"140,00","280,00",100,14,PRODUTO
135,ARMAÇÃO KEYPER,40,"200,00","400,00",100,1,PRODUTO
136,LENTE VS1.49 CRIZAL C-2,60,"315,00","630,00",100,7,PRODUTO
137,ARMAÇÃO LAVORATO,12,"225,00","450,00",100,-2,PRODUTO
138,ARMAÇÃO SIGNUS,85,"200,00","400,00",100,18,PRODUTO
140,ARMAÇÃO Z FORA DE LINHA,39,"275,00","550,00",100,4,PRODUTO
141,LENTE VS1.59 INC,60,"290,00","580,00",100,4,PRODUTO
142,SOLAR Z FORA DE LINHA,29,"325,00","650,00",100,2,PRODUTO
143,LENTE P 1.50 ESPACE PLUS AR,60,"340,00","680,00",100,3,PRODUTO
144,ARMAÇÃO ACETATO,25,"158,00","316,00",100,4,PRODUTO
145,COLORAÇÃO CINZA SUAVE,84,"40,00","80,00",100,27,PRODUTO
146,COLOLAÇÃO CINZA,84,"75,00","150,00",100,8,PRODUTO
147,COLORAÇÃO MORRON ESCURO,1,"50,00","100,00",100,5,
148,LENTE VS1.50 SENSITY AR CE,51,"600,00","1200,00",100,9,PRODUTO
149,ARMAÇÃO NYLON,76,"190,00","380,00",100,2,PRODUTO
150,LENTE PR1.50 ARGOS TANSIT AR CE,51,"751,00","1502,00",100,6,PRODUTO
151,ARMAÇÃO Z FORA DE LINHA,3,"180,00","360,00",100,0,PRODUTO
152,LENTE VS1.50 TRANSIT VII,51,"325,00","650,00",100,1,PRODUTO
153,LENTE VS1.49 TRANSIT,60,"255,00","510,00",100,2,PRODUTO
154,LENTE VS1.59 AR,83,"315,00","630,00",100,9,PRODUTO
155,LENTE VS1.49 TRANST,83,"250,00","500,00",100,2,PRODUTO
156,LENTE VS1.49 ACABADA INC,83,"110,00","220,00",100,6,PRODUTO
157,LENTE BIF. ULTEX TRANS VII,60,"510,00","1020,00",100,7,PRODUTO
158,LENTE BF BIOVIS INC,60,"200,00","400,00",100,8,PRODUTO
159,OCULOS SOLAR LOUGGE,33,"260,00","520,00",100,0,PRODUTO
160,LENTE P NOLINE INC,79,"200,00","400,00",100,7,PRODUTO
161,LENTE P NOLINE FOTO,79,"300,00","600,00",100,6,PRODUTO
162,ARMAÇÃO NYLON,86,"150,00","300,00",100,5,PRODUTO
163,ARMAÇÃO FOX,10,"215,00","430,00",100,1,PRODUTO
164,ARMAÇÃO POPULAR NYLON,87,"60,00","120,00",100,19,PRODUTO
165,ARMAÇÃO ACETATO,87,"60,00","120,00",100,5,PRODUTO
166,ARMAÇÃO METAL,87,"60,00","120,00",100,1,PRODUTO
167,LENTE VS1.59 ACABADA INC C-2,88,"185,00","370,00",100,3,PRODUTO
168,SOLDA,1,0,"15,00",0,0,SERVIÇO
169,TROCA DE PLAQUETA,1,0,"5,00",0,0,SERVIÇO
170,COLOCAÇAO DE PARAFUSOS,1,0,"3,00",0,0,SERVIÇO
171,TROCA DE NYLON,1,0,"5,00",0,0,SERVIÇO
172,LENTE VS1.59 AR C-4,88,"290,00","580,00",100,2,PRODUTO
173,LENTE VS1.67 AR C3,51,"350,00","700,00",100,1,PRODUTO
174,LENTE VS1.67 INC.,83,"358,00","716,00",100,5,PRODUTO
175,LENTE VS1.67 INC,60,"360,00","720,00",100,4,PRODUTO
176,LENTE VS1.59 SURF / AR -10+6C-4,51,"340,00","680,00",100,10,PRODUTO
177,LENTE VS1.50 FOTO FUSION,83,"300,00","600,00",100,7,PRODUTO
178,LENTE VS1.50 FOTO FUSION AR C-4,88,"400,00","800,00",100,6,PRODUTO
179,LENTE VS1.49 ACABADA AR,88,"225,00","450,00",100,13,PRODUTO
180,LENTE PR HAYTEK 1.50 ACAB AR,88,"253,00","506,00",100,8,PRODUTO
182,LENTE P 1.50 ACABADA / AR,89,"150,00","300,00",100,3,PRODUTO
183,LENTE VS1.50 ACABADA AR C-2,89,"190,00","380,00",100,4,PRODUTO
184,ARMAÇÃO GRAZI,38,"240,00","480,00",100,6,PRODUTO
185,ARMAÇÃO ACETATO,38,"240,00","480,00",100,7,+TR
187,LENTE P HOYALUX18WPTX1.53/T,51,"1010,00","2020,00",100,3,PRODUTO
188,LENTE P VIP TRANS/AR,64,"430,00","860,00",100,2,PRODUTO
189,LENTE P GT21.67/AR-PLATINUM,63,"882,50","1765,00",100,3,PRODUTO
190,ARMAÇÃO NYLON,90,"190,00","380,00",100,1,PRODUTO
191,ARMAÇÃO NYLON,37,"185,00","370,00",100,3,PRODUTO
192,SOLAR Z FORA DE LINHA,33,"225,00","450,00",100,0,PRODUTO
193,SOLAR Z FORA DE LINHA,76,"220,00","440,00",100,0,PRODUTO
195,ARMAÇÃO NYLON,93,"175,00","350,00",100,1,PRODUTO
196,ARMAÇÃO ACETATO,94,"210,00","420,00",100,4,PRODUTO
198,ARMAÇÃO NYLON,82,"185,00","370,00",100,4,PRODUTO
199,SALDO DEVEDOR 2014,92,"420,00","420,04","0,01",1,PRODUTO
200,LENTE VS HAYTEK1.56 AR,88,"260,00","520,00",100,11,PRODUTO
201,LENTE HOYA VS1.50 AR CE,51,"350,00","700,00",100,14,PRODUTO
202,RENEGOCIAÇÃO,92,"600,00","600,00",0,1,PRODUTO
203,ARMAÇÃO DETROIT,37,"190,00","380,00",100,9,PRODUTO
204,ARMAÇÃO NYLON,94,"190,00","380,00",100,2,PRODUTO
205,ARMAÇÃO NYLON,5,"160,00","320,00",100,0,PRODUTO
206,JEAN MONIER SOLAR,2,"310,00","620,00",100,8,PRODUTO
207,ARMAÇÃO NYLON,95,"175,00","350,00",100,1,PRODUTO
208,ARMAÇÃO NYLON,42,"210,00","420,00",100,3,PRODUTO
209,LENTE VS1.50 TRANSIT AR C4,51,"495,00","990,00",100,3,PRODUTO
210,LENTE VS1.50 TRANSIT AR,51,"550,00","1100,00",100,3,PRODUTO
211,ARMAÇÃO DA VINCI,34,"175,00","350,00",100,1,PRODUTO
212,LENTE VS1.49 TRANST AR,83,"310,00","620,00",100,3,PRODUTO
213,ARMAÇÃO INTELECTUM,18,"185,00","370,00",100,0,PRODUTO
214,LENTE P HOYALUX18WP1.67T,51,"1475,00","2950,00",100,3,PRODUTO
215,LENTE P HOYALUX18WP1.67T/AR,51,"1726,00","3452,00",100,2,PRODUTO
216,LENTE P HOYALUX WIDE BKS 1.67 SENSITY,51,"1685,00","3370,00",100,3,PRODUTO
217,LENTE HOYALUX WIDE BKS 1.53 TRANSIT AR,51,"1240,00","2480,00",100,3,PRODUTO
218,LENTE P HOYALUX18WP1.5/I,51,"425,00","850,00",100,4,PRODUTO
219,LENTE PROG. HOYALUX18P1.5/AR,1,"666,00","1332,00",100,4,
220,LENTE P HOYALUX18WP1.5/T,51,"970,00","1940,00",100,3,PRODUTO
221,LENTE P HOYALUX18WP1.5T/AR,51,"1224,00","2448,00",100,3,PRODUTO
222,LENTE P HOYALUX18WPTX1.53/I,51,"560,00","1120,00",100,3,PRODUTO
223,LENTE P HOYALUX18WPTX1.53/AR,51,"815,00","1630,00",100,4,PRODUTO
224,LENTE P HOYALUX18WP1.53TX/T,51,"1348,00","2696,00",100,4,PRODUTO
225,LENTE P HOYALUX18WP1.53TX T/AR,51,"1603,00","3206,00",100,2,PRODUTO
226,LENTE P HOYALUX18WP1.67 INC,51,"782,00","1564,00",100,5,PRODUTO
227,LENTE P HOYALUX18WP1.67/AR,51,"1038,00","2076,00",100,3,PRODUTO
228,LENTE HOYALUX14S1.5,1,"411,00","822,00",100,3,
229,LENTE HOYALUX WIDE BKS 1.50 INC,51,"650,00","1300,00",100,9,PRODUTO
230,LENTE HOYALUX14S1.5/AR,1,"666,00","1332,00",100,4,
231,LENTE PR DAYNAMIC1.5 AR CX,51,"1119,00","2238,00",100,7,PRODUTO
232,LENTE HOYALUX WIDE BKS PRO 1.50 SENSITY AR CX,51,"2000,00","4000,00",100,12,PRODUTO
233,LENTE PR DAYNAMIC1.5 SENSITY AR CX,51,"1677,00","3354,00",100,4,PRODUTO
234,LENTE HOYALUX WIDE BKS 1.53 TVX INC,51,"1.000,00","2000,00",100,9,PRODUTO
235,LENTE HOYALUX WIDE BKS 1.53 SENSITY,51,"1050,00","2100,00",100,4,PRODUTO
236,LENTE HOYALUX WIDE BKS 1.53 SENSITY AR,51,"1140,00","2280,00",100,5,PRODUTO
237,LENTE P HOYALUX WIDE BKS 1.67 INC,51,"1275,00","2550,00",100,3,PRODUTO
238,LENTE PR1.67 HOYALUX WIDE BKS AR,51,"1365,00","2730,00",100,2,PRODUTO
239,LENTE P HOYALUX18W1.5 /I,51,"309,00","618,00",100,4,PRODUTO
240,LENTE P HOYALUX WIDE VXT 1.67 SENSITY,51,"1.900,00","3800,00",100,13,PRODUTO
241,LENTE P HOYALUX18W1.5 / T,51,"744,00","1488,00",100,3,PRODUTO
242,LENTE P HOYALUX18W1.5 T/AR,51,"999,00","1998,00",100,2,PRODUTO
243,LENTE P HOYALUX18WTX1.53/I,51,"505,00","1010,00",100,4,PRODUTO
244,LENTE P HOYALUX18WTX1.53/AR,51,"761,00","1522,00",100,3,PRODUTO
245,LENTE P HOYALUX18WTX1.53/T,51,"1144,00","2288,00",100,5,PRODUTO
246,LENTE P HOYALUX18WTX1.53 T/AR,51,"1395,50","2791,00",100,5,PRODUTO
247,LENTE PR1.53 ARGOS INC.,51,"305,00","610,00",100,4,PRODUTO
248,LENTE PR1.53 ARGOS AR,51,"560,00","1120,00",100,5,PRODUTO
249,LENTE PR1.53 ARGOS TRANSIT,51,"785,00","1570,00",100,6,PRODUTO
250,LENTE PR1.53 ARGOS TRANSIT AR,51,"1040,00","2080,00",100,3,PRODUTO
251,LENTE PR1.59 ARGOS INC.,51,"258,00","516,00",100,4,PRODUTO
252,LENTE ARGOS 1.59 AR NR BC,51,"650,00","1300,00",100,5,PRODUTO
253,LENTE ARGOS 1.60 INC.,51,"430,00","860,00",100,6,PRODUTO
254,LENTE ARGOS 1.60 AR CX,51,"540,00","1080,00",100,7,PRODUTO
255,LENTE P HOYALUX22GP1.5/ I,51,"223,00","446,00",100,4,PRODUTO
256,LENTE P HOYALUX22GP1.5/ AR,51,"478,00","956,00",100,4,PRODUTO
257,LENTE PR1.50 ARGOS TF TRANSIT AR,51,"900,00","1800,00",100,3,PRODUTO
258,LENTE PR1.53 ARGOS TF INC.,51,"403,00","806,00",100,5,PRODUTO
259,LENTE PR1.53 ARGOS TF AR,51,"660,00","1320,00",100,5,PRODUTO
260,LENTE PR1.53 ARGOS TF TRANSIT AR,51,"1208,00","2416,00",100,4,PRODUTO
261,LENTE PR1.53 ARGOS TF TRANSIT,51,"952,00","1904,00",100,4,PRODUTO
262,LENTE ARGOS 1.60 AR NR BC,51,"700,00","1400,00",100,4,PRODUTO
263,LENTE PR1.50 ARGOS TF AR,51,"762,50","1525,00",100,4,PRODUTO
264,LENTE BIF. BIOVIS TRANST IV,60,"425,00","850,00",100,7,PRODUTO
265,LENTE VS1.67 STYLIS CRIZAL C4,60,"800,00","1600,00",100,4,PRODUTO
266,LENTE VS1.74 STYLIS CRIZAL C4,60,"1050,00","2100,00",100,3,PRODUTO
267,LENTE VS1.67 STYLIS CRIZAL C2,60,"600,00","1200,00",100,4,PRODUTO
268,LENTE VS1.74 STYLIS1.74 CRIZAL C2,60,"1100,00","2200,00",100,4,PRODUTO
269,LENTE VS STYLIS1.67CZ4 TRANT,1,"900,00","1800,00",100,3,
270,LENTE VS1.67 STYLIS TRANSIT CRIZAL C4,60,"1426,00","2852,00",100,3,PRODUTO
271,LENTE VS1.59 TRANS CRIZAL C4,60,"900,00","1800,00",100,3,PRODUTO
272,LENTE VS1.49 CRIZAL C-4,60,"440,00","880,00",100,3,PRODUTO
273,LENTE VS1.49 TRANT VII CRIZAL C-2,60,"560,00","1120,00",100,3,PRODUTO
274,LENTE VS1.59 TRANT VII C2,60,"607,00","1214,00",100,3,PRODUTO
275,LENTE VS1.49 CRIZAL C-2,60,"288,00","576,00",100,3,PRODUTO
276,LENTE VS1.49 TRANT VII CRIZAL C-4,60,"742,00","1484,00",100,3,PRODUTO
277,LENTE VS1.49 TRANT VII C-2,60,"240,00","480,00",100,4,PRODUTO
278,LENTE VS1.74 STYLIS CRIZAL C6,60,"1672,00","3344,00",100,4,PRODUTO
279,LENTE VS1.67 STYLIS TRANSIT CRIZAL C6,60,"1583,00","3166,00",100,4,PRODUTO
280,LENTE VS1.67 STYLIS CRIZAL C6,60,"911,00","1822,00",100,3,PRODUTO
281,LENTE VS1.59 TRANSIT CRIZAL C6,60,"1177,00","2354,00",100,2,PRODUTO
282,LENTE VS1.59 TRANS C6,60,"793,00","1586,00",100,3,PRODUTO
283,LENTE VS1.59 CRIZAL C6,60,"520,00","1040,00",100,2,PRODUTO
284,LENTE VS1.59 INC C-6,60,"256,00","512,00",100,3,PRODUTO
285,LENTE VS1.49 TRANST CRIZAL C-6,60,"550,00","1100,00",100,2,PRODUTO
286,LENTE VS1.49 TRANT C-6,60,"286,00","572,00",100,4,PRODUTO
287,LENTE VARILUX CONF1.5 CRIZAL EASY PRO,60,"1250,00","2500,00",100,12,PRODUTO
288,LENTE VARILUX PHYSIO CZ EASY PRO,60,"2090,00","4180,00",100,9,PRODUTO
289,LENTE P VARILUX POLY T/CZ,60,"1655,00","3310,00",100,3,PRODUTO
290,LENTE P VARILUX CONF POLY TRAN,60,"1350,00","2700,00",100,3,PRODUTO
291,LENTE P VARILUX POLY POLARZ/CZ,60,"853,00","1706,00",100,4,PRODUTO
292,LENTE P VARILUX POLY POLARZ/INC,60,"655,00","1310,00",100,2,PRODUTO
293,LENTE P VARILUX POLY/CZ,60,"775,00","1550,00",100,3,PRODUTO
294,LENTE VARILUX LIBET360 POLY TRANST CZ SAPPHIRE,60,"1820,00","3640,00",100,2,PRODUTO
295,LENTE VARILUX TRANS,1,"777,50","1555,00",100,4,
296,LENTE P VARILUX LIB POLY/CZ,60,"632,50","1265,00",100,3,PRODUTO
297,LENTE P VARILUX POLY/INC,60,"330,00","660,00",100,2,PRODUTO
298,LENTE P VARILUX LIB POLY T/CZ,60,"1425,00","2850,00",100,3,PRODUTO
299,LENTE P VARILUX LIB POLY/INC,60,"1120,00","2240,00",100,3,PRODUTO
300,LENTE PR HAYTEK 1.50 ACAB AR,88,"150,00","300,00",100,17,PRODUTO
301,LENTE BIF. ULTEX TRANT II,60,"250,00","500,00",100,8,PRODUTO
302,LENTE P GT2/AR-MAR,63,"325,00","650,00",100,3,PRODUTO
303,LENTE PR ZEISS GT21.59 FOTOFUSION AR DURAV CHROME UV,63,"1500,00","3000,00",100,9,PRODUTO
304,LENTE P GT2 POLY/AR-PLATINUM,63,"657,50","1315,00",100,3,PRODUTO
305,LENTE P 1.50 GT2 FOTO/AR-PLATINUM,63,"940,00","1880,00",100,2,PRODUTO
306,LENTE GT2 1.60 AR DURAVISION CHROME UV,63,"1050,00","2100,00",100,12,PRODUTO
307,LENTE P GT2/AR-PLATINUM,63,"582,50","1165,00",100,3,PRODUTO
308,LENTE P GT21.67 FOTO/AR-PLATINUM,63,"1245,00","2490,00",100,2,PRODUTO
309,LENTE P GT2 POLY FOTO/INC,63,"682,50","1365,00",100,2,PRODUTO
310,LENTE P GT21.67 FOTO/AR-MAR,63,"987,50","1975,00",100,3,PRODUTO
311,LENTE P GT2 POLY FOTO/AR-MAR,63,"757,50","1515,00",100,5,PRODUTO
312,LENTE P 1.50 GT2 FOTO/AR-MAR,63,"800,00","1600,00",100,7,PRODUTO
313,LENTE P GT2 POLY AR-MAR,63,"400,00","800,00",100,3,PRODUTO
314,VARILUX LIBERTY ORMA CRIZAL EASY PRO,81,"900,00","1800,00",100,10,PRODUTO
315,LENTE P VARILUX LIB TAN/INC,81,"777,00","1554,00",100,4,PRODUTO
316,LENTE VS1.59 ACABADA AR,60,"240,00","480,00",100,4,PRODUTO
317,ARMAÇÃO SEGURANÇA,96,"175,00","350,00",100,6,PRODUTO
318,OCULOS SOLAR DETROIT,37,"225,00","450,00",100,0,PRODUTO
319,LENTE VS1.53 ACABADA AR -6+3C-2,51,"200,00","400,00",100,4,PRODUTO
320,LENTE VS1.53 ACABADA TRANSIT AR C-2,51,"326,00","652,00",100,4,PRODUTO
321,LENTE VS1.53 ACABADA AR +6-6C-2,51,"240,00","480,00",100,5,PRODUTO
322,LENTE VS1.53 ACABADA INC C-2,51,"125,00","250,00",100,3,PRODUTO
323,LENTE VS1.53 ACABADA TRANSIT C-2,51,"225,00","450,00",100,4,PRODUTO
324,ARMAÇÃO Z FORA DE LINHA,40,"180,00","360,00",100,0,PRODUTO
325,"LENTE P SOLAMAX1,67 E-12+8C-4/INC",64,"700,00","1400,00",100,2,PRODUTO
326,ARMAÇÃO METAL,82,"160,00","320,00",100,4,PRODUTO
327,LENTE PR GRAND VIEW1.5 TRANSITIONS,60,"750,00","1500,00",100,13,PRODUTO
328,LENTE PR GRAND VIEW1.5 AR,60,"450,00","900,00",100,12,PRODUTO
329,LENTE GRAND VIEW 1.50 INC,60,"380,00","760,00",100,15,PRODUTO
330,LENTE PR GRAND VIEW1.5 TRANSITIOS AR,60,"950,00","1900,00",100,15,PRODUTO
331,LENTE P 1.53 GRAND VIEW / AR,60,"510,00","1020,00",100,3,PRODUTO
332,LENTE P 1.53 GRAND VIEW / INC,60,"420,00","840,00",100,4,PRODUTO
333,LENTE P 1.53 GRAND VIEW / TRANT,60,"1050,00","2100,00",100,3,PRODUTO
334,LENTE P 1.53 GRAND VIEW TRANT / AR,60,"1140,00","2280,00",100,7,PRODUTO
335,ARMAÇÃO HAGNUS,22,"150,00","300,00",100,0,PRODUTO
336,ARMAÇÃO Z FORA DE LINHA,3,"185,00","370,00",100,1,PRODUTO
337,LENTE VS1.59 AR C-2,88,"190,00","380,00",100,3,PRODUTO
338,OCULOS SOLAR PAOLA PIOVANI,74,"140,00","280,00",100,0,PRODUTO
339,LENTE VS1.53 SURF AR +8-10C4,51,"260,00","520,00",100,3,PRODUTO
340,OCULOS DE LEITURA,97,"35,00","70,00",100,13,PRODUTO
341,LENTE VS1.50 TRANT AR,63,"375,00","750,00",100,2,PRODUTO
342,ATUALIZAR PRODUTO1,104,0,0,0,0,PRODUTO
343,ARMAÇÃO METAL,4,"190,00","380,00",100,1,PRODUTO
345,VARILUX COMFORT MAX ORMA BLUE UV TGEN8 CRZ EASY PRO,60,"1800,00","3600,00",100,9,PRODUTO
346,LENTE AMPLUS 1.50 AR CE,51,"400,00","800,00",100,13,PRODUTO
347,LENTE VS1.49 TRANS C4,83,"300,00","600,00",100,4,PRODUTO
348,LENTE VS1.49 TRANSIT C4,51,"325,00","650,00",100,2,PRODUTO
349,ARMAÇÃO DIOCULOS,24,"170,00","340,00",100,2,PRODUTO
350,LENTE P 1.50 ESPACE/TRANT III,60,"300,00","600,00",100,13,PRODUTO
351,LENTE P 1.50 ESPACE/TRANS III,60,"300,00","600,00",100,9,PRODUTO
352,LENTE VS1.49 ACABADA AR C-2,60,"200,00","400,00",100,6,PRODUTO
353,LENTE VS1.56 ACABADA AR C-4,60,"250,00","500,00",100,2,PRODUTO
354,LENTE AMPLUS 1.53 INCOLOR,51,"260,00","520,00",100,17,PRODUTO
355,LENTE AMPLUS 1.50 SENSITY AR,51,"1100,00","2200,00",100,14,PRODUTO
356,LENTE VS1.59 SURF TRANT AR A. I.,60,"700,00","1400,00",100,2,PRODUTO
357,LENTE VS1.67 TRANSIT AR,60,"780,00","1560,00",100,6,PRODUTO
358,LENTE VS1.67 TRANSIT / AR,51,"780,00","1560,00",100,3,PRODUTO
359,ARMAÇÃO KEEPER,99,"200,00","400,00",100,1,PRODUTO
360,ARMAÇÃO NYLON,99,"170,00","340,00",100,2,PRODUTO
361,ARMAÇÃO METAL,16,"180,00","360,00",100,1,PRODUTO
362,ARMAÇÃO Z FORA DE LINHA,40,"205,00","410,00",100,0,PRODUTO
363,ARMAÇÃO DI VITTORE,100,"195,00","390,00",100,-2,PRODUTO
364,LENTE AMPLUS 1.50 INC,51,215,"430,00",100,17,PRODUTO
365,LENTE AMPLUS 1.50 SENSITY,51,"600,00","1200,00",100,16,PRODUTO
366,LENTE HOYA VS1.50 SENSITY AR CX,51,"550,00","1100,00",100,16,PRODUTO
367,LENTE HOYA VS1.50 SENSITY,51,"175,00","350,00",100,10,PRODUTO
368,COLORAÇAO ROSA,84,"75,00","150,00",100,5,PRODUTO
369,COLORAÇÃO AZUL,84,"100,00","200,00",100,27,PRODUTO
370,LENTE VS1.59 TRANSIT C-4,83,"550,00","1100,00",100,5,PRODUTO
371,LENTE VS1.59 SURF TRAN C-4,88,"490,00","980,00",100,2,PRODUTO
372,SOLAR Z FORA DE LINHA,99,"275,00","550,00",100,0,PRODUTO
373,LENTE VS1.50 HOYA AR LL/BC,51,"600,00","1200,00",100,7,PRODUTO
374,LENTE VS1.53 ACABADA AR BC C-2,51,"450,00","900,00",100,4,PRODUTO
375,ARMAÇÃO METAL,99,"190,00","380,00",100,0,PRODUTO
376,LENTE HOYA VS1.50  AR BLUE,51,"500,00","1000,00",100,8,PRODUTO
377,LENTE VS1.53 AR BLUE +4-4C-2,51,"300,00","600,00",100,1,PRODUTO
378,LENTE VS1.59 SURF AR BLUE CONTROL C-4,51,"440,00","880,00",100,4,PRODUTO
379,LENTE HOYA VS1.50 SENSITY AR LL UV CONTROL,51,"900,00","1800,00",100,11,PRODUTO
380,LENTE VS1.50 HOYA SENSITY NR/BC,51,"1100,00","2200,00",100,13,PRODUTO
381,LENTE PR ARGOS1.5 SENSITY ORIGINAL,51,"1000,00","2000,00",100,24,PRODUTO
382,LENTE ARGOS 1.50 SENSITY AR CX,51,"1029,00","2058,00",100,13,PRODUTO
383,LENTE ARGOS 1.53 SENSITY,51,"560,00","1120,00",100,10,PRODUTO
384,LENTE ARGOS 1.53 SENSITY AR CX,51,"650,00","1300,00",100,14,PRODUTO
385,ARMAÇÃO Z FORA DE LINHA,101,"190,00","380,00",100,0,PRODUTO
386,LENTE VS1.50 INC PLANA,79,"50,00","100,00",100,3,PRODUTO
387,OCULOS SOLAR KEYPER,40,"250,00","500,00",100,1,PRODUTO
388,OCULOS SOLAR TOP LINE,102,"200,00","400,00",100,0,PRODUTO
389,SOLAR Z FORA DE LINHA,102,"200,00","400,00",100,0,PRODUTO
390,OCULOS DESATIVADO,40,"250,00","500,00",100,0,PRODUTO
391,SOLAR Z FORA DE LINHA,102,"175,00","350,00",100,7,PRODUTO
392,LENTE P VARILUX CONF/EASY CLEAN,60,"600,00","1200,00",100,2,PRODUTO
393,LENTE DE CONTATO GRAU INC,103,"250,00","500,00",100,-1,PRODUTO
396,LENTE DE CONTATO PLANA COLORIDA,,"35,00","70,00",100,24,PRODUTO
397,ARMAÇÃO Z FORA DE LINHA,82,"180,00","360,00",100,1,PRODUTO
398,LENTE ARGOS 1.59 SENSITY AR CX,51,"550,00","1100,00",100,7,PRODUTO
399,LENTE ARGOS 1.59 SENSITY,51,"470,00","940,00",100,10,PRODUTO
400,ARMAÇÃO Z FORA DE LINHA,101,"195,00","390,00",100,2,PRODUTO
401,ARMAÇÃO Z FORA DE LINHA,40,"200,00","400,00",100,0,PRODUTO
402,ARMAÇÃO ACETATO,35,"165,00","330,00",100,1,PRODUTO
403,ARMAÇÃO Z FORA DE LINHA,82,"175,00","350,00",100,2,PRODUTO
404,ARMAÇÃO NYLON,82,"175,00","350,00",100,0,PRODUTO
406,ARMAÇÃO Z FORA DE LINHA,105,"150,00","300,00",100,0,PRODUTO
407,ARMAÇÃO FLEX,23,"160,00","320,00",100,1,PRODUTO
408,LENTE VS1.67 FOTOFUSION/AR -18+12C-4,88,"625,00","1250,00",100,8,PRODUTO
409,LENTE VS1.50 SOLAR CINZA,106,"75,00","150,00",100,0,PRODUTO
410,LENTE VS1.50 PLANA B8 CINZA ESCURO,106,"75,00","150,00",100,4,PRODUTO
411,COLORAÇÃO AZUL SUAVE,84,"50,00","100,00",100,10,PRODUTO
412,LENTE VS1.67 HOYA AR,51,"950,00","1900,00",100,7,PRODUTO
413,LENTE VS1.74 ACABADA AR C-2,51,"455,00","910,00",100,3,PRODUTO
414,LENTE VS1.74 SURF AR,51,0,0,0,5,PRODUTO
415,LENTE PR1.50 ARGOS SOLAR,51,"250,00","500,00",100,6,PRODUTO
416,ARMAÇÃO PROMOÇÃO ZF,108,"90,00","180,00",100,18,PRODUTO
418,NOVO ACORDO - OSMARIA,109,"480,00","600,00",25,0,PRODUTO
419,ARMAÇÃO BALGRIF,24,"190,00","380,00",100,1,PRODUTO
420,LENTE AMPLUS 1.59 INCOLOR,51,"212,50","425,00",100,16,PRODUTO
421,LENTE ARGOS 1.50 AR BC,51,"740,00","1480,00",100,39,PRODUTO
422,LENTE VS1.50 PLANA MARRON,106,"80,00","160,00",100,4,PRODUTO
423,LENTE HOYALUX ID LIFE STYLE 1.50 AR CE,51,"1650,00","3300,00",100,5,PRODUTO
424,LENTE OCUPACIONAL DESKTOP PREMIUM1.50,51,"300,00","600,00",100,8,PRODUTO
425,LENTE VS1.59 ACABADA INC,83,"180,00","360,00",100,4,PRODUTO
426,LENTE VS1.74 SURF INCOLOR,83,"630,00","1260,00",100,10,PRODUTO
427,LENTE VS1.67 ANTIRRISCO,110,"750,00","1500,00",100,5,PRODUTO
428,LENTE VS1.74 SURF INC,110,"650,00","1300,00",100,5,PRODUTO
429,"LENTE VS1.67 INC. E-25,00 C-2,00",60,"700,00","1400,00",100,2,PRODUTO
430,ARMAÇÃO ACETATO,111,"170,00","340,00",100,3,PRODUTO
431,LENTE VS1.59 SURF TRANST AR A.I.,88,"700,00","1400,00",100,4,PRODUTO
436,LENTE P 1.56 FOTO AR,106,"250,00","500,00",100,5,PRODUTO
437,LENTE VS1.49 SOLAR ESPELHADA,106,"150,00","300,00",100,1,PRODUTO
438,ARMAÇÃO NYLON,11,"175,00","350,00",100,5,PRODUTO
439,LENTE HOYALUX WIDE BKS 1.53 AR,51,"727,50","1455,00",100,3,PRODUTO
440,LENTE VS1.67 AR C6,83,"480,00","960,00",100,3,PRODUTO
441,LENTE VS1.50 PLANA B6 AZUL,106,"100,00","200,00",100,4,PRODUTO
442,ARMAÇÃO GIRO,113,"175,00","350,00",100,5,PRODUTO
444,VARILUX LIBERTY ORMA TRANS CZ EASY PRO,60,"1500,00","3000,00",100,12,PRODUTO
445,LENTE VS1.67 AR C-6,88,"380,00","760,00",100,5,PRODUTO
446,LENTE DE CONTATO COLORIDA SOLOTICA PL,103,"140,00","280,00",100,19,PRODUTO
447,ARMAÇÃO ACETATO,34,"170,00","340,00",100,0,PRODUTO
448,ARMAÇÃO Z FORA DE LINHA,100,"190,00","380,00",100,1,PRODUTO
449,NOVO ACORDO - LUCIA MARIA,109,"350,00","700,00",100,0,PRODUTO
450,OCULOS SOLAR MARESIA,114,"280,00","560,00",100,2,PRODUTO
451,OCULOS SOLAR VIZZANO,115,"280,00","560,00",100,3,PRODUTO
452,ARMAÇÃO ACETATO,116,"180,00","360,00",100,0,PRODUTO
453,ARMAÇÃO NYLON,117,"175,00","350,00",100,1,PRODUTO
454,ARMAÇÃO BALGRIF,5,"170,00","340,00",100,1,PRODUTO
455,LENTE VS1.60 +4-10C2 AR,51,"200,00","400,00",100,5,PRODUTO
456,LENTE PR GRAND VIEW 1.59 FILTRO AR VD,60,"900,00","1800,00",100,5,PRODUTO
457,ARMAÇÃO LEVERT,28,"150,00","300,00",100,-1,PRODUTO
458,SOLAR Z FORA DE LINHA,94,"240,00","480,00",100,0,PRODUTO
460,ARMAÇÃO YNOT,118,"180,00","360,00",100,0,PRODUTO
461,NOVO ACORDO - ROBERVAL NOV/14,109,"650,00","1300,00",100,0,PRODUTO
462,LENTE VS1.67 FOTOFUSION / AR,106,"775,00","1550,00",100,9,PRODUTO
463,LENTE PR GRAND VIEW 1.59  AR,60,"650,00","1300,00",100,10,PRODUTO
464,COLORAÇAO VERDE,84,"70,00","140,00",100,5,PRODUTO
465,LENTE VS1.60 VISION EASY/AR,51,"250,00","500,00",100,3,PRODUTO
466,LENTE AMPLUS 1.50 SOLAR,51,"350,00","700,00",100,13,PRODUTO
467,LENTE VS1.56 AR,119,"175,00","350,00",100,18,PRODUTO
468,LENTE VS1.56 ACABADA AR,106,"175,00","350,00",100,1,PRODUTO
469,LENTE VS1.49 ACABADA AR,106,"175,00","350,00",100,2,PRODUTO
470,LENTE P 1.50 GRAND VIEW1.5 / ACLIMATTES,60,"300,00","600,00",100,13,PRODUTO
472,LENTE DE CONTATO TORICA INC,120,"350,00","700,00",100,14,PRODUTO
473,LENTE VS1.50 AC AR LL C-2,51,"260,00","520,00",100,4,PRODUTO
474,ARMAÇÃO Z FORA DE LINHA,2,"180,00","360,00",100,0,PRODUTO
475,VARILUX CONF360/EASY CLEAN,60,"825,00","1650,00",100,18,PRODUTO
476,LENTE HOYALUX WIDE BKS 1.50 AR BC,51,"1000,00","2000,00",100,11,PRODUTO
477,ARMAÇÃO BALGRIF,121,"195,00","390,00",100,0,PRODUTO
479,LENTE HOYALUX WIDE BKS 1.50 SENSITY,51,"1500,00","3000,00",100,10,PRODUTO
480,LENTE VS1.53 HOYA SYNC III 5 SENSITY NR/BC,51,"600,00","1200,00",100,3,PRODUTO
481,LENTE PR 1.50 FOTO,122,"300,00","600,00",100,8,PRODUTO
482,ARMAÇÃO Z FORA DE LINHA,123,"185,00","370,00",100,8,PRODUTO
485,ARMAÇÃO Z FORA DE LINHA,8,"195,00","390,00",100,0,PRODUTO
487,LENTE VS1.50 SOLAR -10+8 C4,51,"300,00","600,00",100,8,PRODUTO
488,ARMAÇÃO SPELLBOUND,124,"190,00","380,00",100,0,PRODUTO
489,ARMAÇÃO Z FORA DE LINHA,124,"175,00","350,00",100,0,PRODUTO
490,ARMAÇÃO Z FORA DE LINHA,124,"175,00","350,00",100,1,PRODUTO
491,ARMAÇÃO METAL,10,"215,00","430,00",100,0,PRODUTO
492,LENTE VS1.50 FOTOFUSION,88,"350,00","700,00",100,3,PRODUTO
493,ARMAÇAO Z FORA DE LINHA,41,"236,00","472,00",100,2,PRODUTO
494,LENTE,64,0,0,0,0,PRODUTO
495,LENTE P 1.50 AO COMPACTA INC,64,"250,00","500,00",100,12,PRODUTO
496,LENTE P HOYALUX WIDE BKS1.5 SENST/AR,51,"900,00","1800,00",100,27,PRODUTO
497,LENTE PR VISIONMAX HD1.67 INC,125,"450,00","900,00",100,4,PRODUTO
498,ARMAÇÃO METAL,14,"160,00","320,00",100,0,PRODUTO
499,LENTE Z FORA DE LINHA ARGOS,51,"600,00","1200,00",100,7,PRODUTO
500,LENTE PR1.59 ARGOS AR,51,"350,00","700,00",100,7,PRODUTO
501,ARMAÇÃO ACETATO,5,"175,00","350,00",100,1,PRODUTO
502,LENTE VS HAYTEK 1.56 FOTO AR,88,"275,00","550,00",100,11,PRODUTO
503,LENTE P GRAND VIEW1.50 TRANST / AR,60,"850,00","1700,00",100,15,PRODUTO
504,LENTE VS HAYTEK 1.56 INC.,88,"130,00","260,00",100,5,PRODUTO
505,LENTE VS1.50 SURF SENSITY AR -10+8C-4,51,"350,00","700,00",100,4,PRODUTO
506,ARMAÇÃO ACETATO,126,"165,00","330,00",100,0,PRO  DUTO
509,ARMAÇÃO Z FORA DE LINHA,113,"175,00","350,00",100,7,PRODUTO
510,ARMAÇÃO Z FORA DE LINHA,113,"175,00","350,00",100,0,PRODUTO
511,LENTE VS1.67 AR VISION EASE,51,"180,00","360,00",100,9,PRODUTO
515,RENEGOCIAÇÃO,109,"280,00","560,00",100,0,PRODUTO
516,ARMAÇÃO Z FORA DE LINHA,115,"160,00","320,00",100,0,PRODUTO
517,LENTE VS1.67 FOTOFUSION -18+12C-4,88,"450,00","900,00",100,7,PRODUTO
518,LENTE VS1.59 FOTO -10+7 C-6,88,"325,00","650,00",100,4,PRODUTO
519,LENTE VS1.60 SURF AR  C-4,51,"375,00","750,00",100,5,PRODUTO
520,LENTE VS1.60 SURF SOLAR C4,51,"325,00","650,00",100,3,PRODUTO
521,VARILUX LIBERTY ORMA AR EASY CLEAN,60,"550,00","1100,00",100,9,PRODUTO
522,LENTE SOLAR MARRON PLANA,88,"75,00","150,00",100,4,PRODUTO
523,ARMAÇÃO NYLON FL,24,"160,00","320,00",100,0,PRODUTO
525,ARMAÇÃO Z FORA DE LINHA,23,"175,00","350,00",100,1,PRODUTO
526,ARMAÇÃO IMOLA,11,"150,00","300,00",100,1,PRODUTO
528,LENTE PR NO LINE INC,122,"150,00","300,00",100,13,PRODUTO
529,LENTE VS1.50 ACABADA FOTOFUSION,88,"180,00","360,00",100,9,PRODUTO
530,LENTE VS1.50 HOYA SENSITY LL/BC,51,"1200,00","2400,00",100,9,PRODUTO
531,LENTE VS1.59 ACABADA / AR -4+4C-2,51,280,"560,00",100,6,PRODUTO
532,LENTE VS1.56 FOTO AR,128,"200,00","400,00",100,5,PRODUTO
533,LENTE P HOYALUX WIDE BKS PRO 1.67 SENSITY AR,51,"1600,00","3200,00",100,9,PRODUTO
534,LENTE BIF. BIOVIS FOTO,60,"250,00","500,00",100,6,PRODUTO
535,LENTE PR1.50 ARGOS TF SENSITY AR,51,"850,00","1700,00",100,7,PRODUTO
536,ATUALIZAR PRODUTO2,104,0,0,0,0,PRODUTO
537,LENTE P OPTI PRIME 1.56 FOTO,128,"275,00","550,00",100,25,PRODUTO
538,LENTE P 1.56 INC,128,"175,00","350,00",100,0,PRODUTO
539,LENTE P SOLAMAX 1.67 FOTOFUSION,64,"910,00","1820,00",100,9,PRODUTO
540,LENTE BIOVIS 1.59 INCOLOR,60,"250,00","500,00",100,9,PRODUTO
541,LENTE P 1.56 BYVISION AR ACABADA,129,"200,00","400,00",100,9,PRODUTO
542,LENTE PR1.50 FOTO AR,122,"250,00","500,00",100,6,PRODUTO
543,LENTE VS1.59 INCOLOR,106,"200,00","400,00",100,6,PRODUTO
544,LENTE ARGOS 1.50 SENSITY AR BC,51,"1435,00","2870,00",100,12,PRODUTO
545,LENTE BIF. BIOVIS INC,122,"200,00","400,00",100,3,PRODUTO
546,ARMAÇÃO FIAMMA,130,"200,00","400,00",100,-4,PRODUTO
547,ARMAÇÃO URBAN,131,"210,00","420,00",100,-7,PRODUTO
549,LENTE PR 1.50 FOTO,132,"250,00","500,00",100,3,PRODUTO
551,LENTE VS1.67 AR,119,"400,00","800,00",100,5,PRODUTO
552,LENTE VS1.50 AR,122,"170,00","340,00",100,17,PRODUTO
553,LENTE PR 1.50 INC,132,"175,00","350,00",100,5,PRODUTO
554,ARMAÇÃO METAL,133,"165,00","330,00",100,0,PRODUTO
555,LENTE BIF. BIOVIS FOTO,122,"225,00","450,00",100,4,PRODUTO
556,LENTE VS1.56 FOTO AR,119,"205,00","410,00",100,3,PRODUTO
557,ARMAÇÃO ACETATO,121,"175,00","350,00",100,0,PRODUTO
558,LENTE PR ESPACE1.5 ACLIMATES,122,"400,00","800,00",100,12,PRODUTO
559,LENTE VS1.50 INC,132,"125,00","250,00",100,3,PRODUTO
560,LENTE PR ESPACE 1.50 INC,132,"300,00","600,00",100,0,PRODUTO
561,LENTE VS1.67 AR BC,51,"1350,00","2700,00",100,9,PRODUTO
562,LENTE BIFOCAL ULTEX INC,122,"200,00","400,00",100,8,PRODUTO
563,LENTE VS1.50 INCOLOR,122,"175,00","350,00",100,3,PRODUTO
564,LENTE PR NO LINE INCOLOR,122,"150,00","300,00",100,6,PRODUTO
565,LENTE BIF. ULTEX FOTO,122,"300,00","600,00",100,4,PRODUTO
566,LENTE AMPLUS 1.59 SENSITY,51,"480,00","960,00",100,19,PRODUTO
567,LENTE PR FREE LINE PLUS ACAB,122,"150,00","300,00",100,9,PRODUTO
568,LENTE VS1.49 FOTO / AR,122,"200,00","400,00",100,18,PRODUTO
569,LENTE VS1.56 AR,128,"210,00","420,00",100,20,PRODUTO
570,ARMAÇÃO NYLON,20,"160,00","320,00",100,0,PRODUTO
571,ARMAÇÃO METAL,15,"175,00","350,00",100,0,PRODUTO
572,LENTE PR NO LINE SOLAR,122,"200,00","400,00",100,5,PRODUTO
573,LENTE BIF. ULTEX INC.,132,"150,00","300,00",100,96,PRODUTO
574,LENTE BIF. ULTEX FOTO,128,"250,00","500,00",100,8,PRODUTO
575,LENTE PR NO LINE INC,132,"180,00","360,00",100,8,PRODUTO
576,LENTE VS1.50 FOTO FUSION,106,"200,00","400,00",100,8,PRODUTO
577,LENTE BIF. BIOVIS INC,128,"150,00","300,00","100,00",8,PRODUTO
578,LENTE BIOVIS INC,134,"150,00","300,00",100,9,PRODUTO
579,LENTE VS1.50 FOTOFUSION / AR,106,"350,00","700,00",100,9,PRODUTO
580,LENTE VS1.50 HOYA SYNC III 9 AR NR/BC,51,"700,00","1400,00",100,8,PRODUTO
581,LENTE VS1.53 SENSITY/AR,51,"400,00","800,00",100,9,PRODUTO
582,LENTE AMPLUS 1.59 AR,51,"325,00","650,00",100,17,PRODUTO
583,LENTE VS1.50 AR,132,"200,00","400,00",100,9,PRODUTO
584,LENTE VS1.50 HOYA SYNC III 13 NR/BC,51,"700,00","1400,00",100,7,PRODUTO
585,"LENTE DE CONTATO COM GRAU -2,00",103,"175,00","350,00",100,5,PRODUTO
586,LENTE VS1.5 HOYA AR NR/BC,51,"600,00","1200,00",100,13,PRODUTO
587,LENTE VS1.50 SURF TRANSITIONS,51,"485,00","970,00",100,9,PRODUTO
588,LENTE BIF. ULTEX FOTO,132,"300,00","600,00",100,2,PRODUTO
589,LENTE P HOYALUX WIDE VXT PRO 1.50 AR,51,"1026,00","2052,00",100,18,PRODUTO
590,LENTE PR ESPACE1.50 ACLIMATES,132,"400,00","800,00",100,-3,PRODUTO
591,ARMAÇÃO PROMOÇÃO,108,"100,00","200,00",100,15,PRODUTO
592,ARMAÇÃO PROMOÇÃO NYLON,108,"100,00","200,00",100,9,PRODUTO
593,LENTE VS1.67 INCOLOR,132,"400,00","800,00",100,9,PRODUTO
594,LENTE P HOYALUX WIDE VXT 1.50 PREMIUM,51,"930,00","1860,00",100,9,PRODUTO
595,LENTE VS1.59 / AR C-4,106,"380,00","760,00",100,14,PRODUTO
596,LENTE VS1.50 AR BLUE,122,"200,00","400,00",100,18,PRODUTO
597,LENTE VS1.50 AR BLUE,128,"200,00","400,00",100,13,PRODUTO
598,LENTE VS1.50 AR BLUE,119,"200,00","400,00",100,19,PRODUTO
599,LENTE PROG KODAK UP 1.50 INC,60,"275,00","550,00",100,19,PRODUTO
600,ARMAÇÃO METAL,5,"175,00","350,00",100,2,PRODUTO
601,ARMAÇÃO Z FORA DE LINHA,100,"185,00","370,00",100,1,PRODUTO
602,LENTE ARGOS 1.50 SENSITY AR NR/BC,51,"1300,00","2600,00",100,10,PRODUTO
603,ARMAÇÃO BALGRIF,101,"180,00","360,00",100,0,PRODUTO
604,LENTE PR1.59 AMPLUS INC,51,"250,00","500,00",100,19,PRODUTO
605,ARMAÇÃO Z FORA DE LINHA,135,"160,00","320,00",100,0,PRODUTO
606,ARMAÇÃO PERSONAL,135,"160,00","320,00",100,0,PRODUTO
607,ARMAÇÃO Z FORA DE LINHA,135,"160,00","320,00",100,1,PRODUTO
608,ARMAÇAO METAL,111,"170,00","340,00",100,0,PRODUTO
612,LENTE BIF BIOVIS INC,106,"150,00","300,00",100,9,PRODUTO
613,LENTE PR 1.50 AR,132,"175,00","350,00",100,10,PRODUTO
615,LENTE PR NOLINE INC.,136,"200,00","400,00",100,6,PRODUTO
616,LENTE VS1.56 FOTO,122,"175,00","350,00",100,8,PRODUTO
617,ARMAÇAO OK ACETATO,137,"175,00","350,00",100,1,PRODUTO
618,LENTE P 1.50 NOLINE,138,175,"350,00",100,6,PRODUTO
620,ARMAÇAO Z FORA DE LINHA,139,"190,00","380,00",100,0,PRODUTO
621,ARMAÇAO OBEN,139,"200,00","400,00",100,0,PRODUTO
622,ARMAÇAO Z FORA DE LINHA,140,"190,00","380,00",100,0,PRODUTO
623,LENTE HOYALUX WIDE VXT PREMIUM 1.59 AR CX,51,"1300,00","2600,00",100,7,PRODUTO
624,LENTE HOYALUX WIDE BKS PRO 1.50 AR NR+BC,51,"1050,00","2100,00",100,8,PRODUTO
625,LENTE VS1.59 FOTOFUSION / AR,106,"650,00","1300,00",100,10,PRODUTO
626,LENTE PR MAX 1.50 FOTO / AR,132,"250,00","500,00",100,19,PRODUTO
627,ARMÇAO BALGRIF,68,"150,00","300,00",100,-1,PRODUTO
628,LENTE VS VISIONMAX HD1.67 SUNPROTECT DURAMAX BLUE,106,"750,00","1500,00",100,9,PRODUTO
629,ARMAÇÃO VISEL,141,"175,00","350,00",100,2,PRODUTO
630,ARMAÇÃO Z FORA DE LINHA,141,"160,00","320,00",100,0,PRODUTO
631,ARMAÇÃO NYLON,141,"160,00","320,00",100,0,PRODUTO
632,LENTE DE CONTATO PL COLOR FRESHLOOK,142,"20,00","40,00",100,1,PRODUTO
633,BERINE SP,112,"150,00","300,00",100,11,PRODUTO
634,ATUALIZAR PRODUTO4,104,0,0,0,0,PRODUTO
635,LENTE VS SOLAR PLANA DEGRADÊ,106,"150,00","300,00",100,9,PRODUTO
636,LENTE DE CONTATO,103,"175,00","350,00",100,-5,PRODUTO
637,LENTE PR NO LINE FOTO,132,"225,00","450,00",100,10,PRODUTO
638,OCULO SOLAR METAL,1,"175,00","350,00",100,1,
640,OCULOS SOLAR VISEL,141,"175,00","350,00",100,0,PRODUTO
641,COLORAÇÃO MARRON DEGRADE,84,"120,00","240,00",100,24,PRODUTO
642,LENTE ARGOS 1.50 AR NR/BC,51,"870,00","1740,00",100,7,PRODUTO
643,ARMAÇAO Z FORA DE LINHA,40,"240,00","480,00",100,0,PRODUTO
645,ARMAÇÃO ACETATO,143,"170,00","340,00",100,0,PRODUTO
646,LENTE VS1.59 AR,128,"180,00","360,00",100,8,PRODUTO
647,LENTE VS1.67 SENSITY,51,"780,00","1560,00",100,9,PRODUTO
648,LENTE VS1.50 FOTO,132,"200,00","400,00",100,9,PRODUTO
649,LENTE PR 1.50 AR,136,"175,00","350,00",100,9,PRODUTO
650,LENTE VS1.50 FOTO/AR,132,"200,00","400,00",100,5,PRODUTO
651,LENTE BIF ULTEX INC,134,"175,00","350,00",100,7,PRODUTO
653,LENTE VS1.50 INC,136,"100,00","200,00",100,8,PRODUTO
654,LENTE P HOYALUX WIDE VXT 1.50 SENSITY AR,51,"1100,00","2200,00",100,9,PRODUTO
655,ARMAÇÃO BALGRIF,10,"180,00","360,00",100,1,PRODUTO
656,ARMAÇÃO AUGEN BALGRIF,21,"170,00","340,00",100,3,PRODUTO
657,ARMAÇÃO TOP LINE,102,"175,00","350,00",100,0,PRODUTO
658,ARMAÇÃO BALGRIF,72,"150,00","300,00",100,0,PRODUTO
659,ARMAÇÃO BALGRIF,4,"170,00","340,00",100,0,PRODUTO
660,ARMAÇÃO ACETATO,17,"175,00","350,00",100,1,PRODUTO
661,ARMAÇÃO RENOMA,101,"190,00","380,00",100,0,PRODUTO
662,ARMAÇÃO NYLON,118,"175,00","350,00",100,0,PRODUTO
664,ARMAÇÃO NYLON,144,"145,00","290,00",100,2,PRODUTO
666,ARMAÇÃO NYLON,15,"175,00","350,00",100,0,PRODUTO
667,ARMAÇÃO METAL,42,"160,00","320,00",100,3,PRODUTO
669,ARMAÇAO K&L,42,"160,00","320,00",100,3,PRODUTO
670,ARMAÇAO VLS PORT,145,"175,00","350,00",100,0,PRODUTO
672,LENTE VS1.50 AR,128,"175,00","350,00",100,25,PRODUTO
673,LENTE VS1.56 AR BLUE,128,"245,00","490,00",100,19,PRODUTO
674,LENTE VS1.50 AR BLUE,138,"175,00","350,00",100,20,PRODUTO
675,LENTE VS1.50 FOTO AR,138,"175,00","350,00",100,5,PRODUTO
676,LENTE VS1.67 FOTO FUSION,106,"700,00","1400,00",100,19,PRODUTO
677,ESTOJO DE LENTE DE CONTATO,142,"2,50","5,00",100,2,PRODUTO
678,LENTE VS1.59 POLY INC,138,"150,00","300,00",100,29,PRODUTO
679,LENTE VS1.59 POLY AR,138,"200,00","400,00",100,30,PRODUTO
680,LENTE VS1.59 AR C-2,106,"200,00","400,00",100,20,PRODUTO
681,LENTE PR 1.50 AR GREEN,122,"225,00","450,00",100,9,PRODUTO
682,LE,1,0,0,0,0,
683,LENTE VS1.61 AR,119,"200,00","400,00",100,19,PRODUTO
684,ARMAÇÃO NYLON,33,"100,00","200,00",100,0,PRODUTO
685,LENTE VS1.50 AR,119,"150,00","300,00",100,19,PRODUTO
686,LENTE VS1.67 AR NO-RISK,51,"1150,00","2300,00",100,18,PRODUTO
687,OCULOS DE LEITURA SURFAÇADO,97,"85,00","170,00",100,19,PRODUTO
690,ARMAÇÃO VIZZANO,115,"225,00","450,00",100,-2,PRODUTO
691,ARMAÇÃO MARESIA,114,"225,00","450,00",100,3,PRODUTO
693,ARMAÇÃO K2,146,"170,00","340,00",100,-1,PRODUTO
694,ARMAÇÃO KEEPER BRASIL,123,"170,00","340,00",100,0,PRODUTO
695,LENTE VS 1.56 FOTO AR,147,"200,00","400,00",100,19,PRODUTO
696,LENTE VS1.59 POLI FOTOFUSION,106,"600,00","1200,00",100,9,PRODUTO
697,LENTE PROG1.59 FOTO,128,"400,00","800,00",100,8,PRODUTO
698,LENTE PROG1.50 FOTO AR,119,"300,00","600,00","100,00",9,PRODUTO
699,LENTE VS1.67 AR,128,"400,00","800,00",100,9,PRODUTO
700,LENTE BIF. BIOVIS FOTO,132,"250,00","500,00",100,7,PRODUTO
701,LENTE BIF. BIOVIS INC,132,"150,00","300,00",100,9,PRODUTO
702,LENTE PR VISION + 1.59 SUNPROTECT AR DURAMAX,106,"500,00","1000,00",100,9,PRODUTO
703,LENTE P OPTI PRIME1.5 FOTO AR,128,"200,00","400,00",100,9,PRODUTO
704,LENTE SOLAR PLANA,141,"75,00","150,00",100,5,PRODUTO
705,ARMAÇÃO PAULO CARRARO,148,"180,00","360,00",100,0,PRODUTO
706,ARMAÇÃO VALENTINA GUERRA,149,"160,00","320,00",100,-3,PRODUTO
707,LENTE VS1.59 AR,119,"250,00","500,00",100,8,PRODUTO
708,LENTE VS1.50 TRUEFORM AR BLUE CONT,51,"600,00","1200,00",100,9,PRODUTO
709,LENTE VS1.50 TRUEFORM SENSITY AR BC,51,"700,00","1400,00",100,9,PRODUTO
710,LENTE HOYALUX WIDE BKS 1.50 SENSITY AR BC,51,"1650,00","3300,00",100,9,PRODUTO
711,LENTE HOYALUX WIDE VXT 1.67 AR CX,51,"1850,00","3700,00",100,9,PRODUTO
712,LENTE HOYALUX ID LIFE STYLE 1.67 AR CX,51,"2350,00","4700,00",100,5,PRODUTO
713,LENTE PR ESPACE 1.50 INC,122,"200,00","400,00",100,3,PRODUTO
714,LENTE ARGOS 1.50 SENSITY AR NR,51,"1300,00","2600,00",100,6,PRODUTO
715,LENTE PROG1.50 FOTO,119,"300,00","600,00",100,9,PRODUTO
716,LENTE PR ESPACE1.5 ACLIMATES,136,"400,00","800,00",100,4,PRODUTO
718,LENTE PR VISIONMAX 1.67 INC,106,"750,00","1500,00",100,9,PRODUTO
719,LENTE VS1.59 POLI FOTO AR,106,"700,00","1400,00",100,8,PRODUTO
720,LENTE PR 1.50 INC,136,"150,00","300,00",100,9,PRODUTO
721,LENTE VS 1.74,106,"750,00","1500,00",100,9,PRODUTO
722,LENTE VS1.50 INCOLOR,147,"150,00","300,00",100,9,PRODUTO
723,LENTE DE CONTATO ANUAL TÓRICA COLORIDA,103,"200,00","400,00",100,18,PRODUTO
724,LENTE DE CONTATO ANUAL ESFERICA COLORIDA,103,"280,00","560,00",100,19,PRODUTO
725,LENTE PR ESPACE1.5 ACLIMATES AR,136,"400,00","800,00",100,7,PRODUTO
726,OCULOS SOLAR ROMANO,151,"275,00","550,00",100,-3,PRODUTO
727,OCULOS SOLAR CARMEN VITTI,150,"250,00","500,00",100,3,PRODUTO
728,LENTE ESPACE AR,136,"400,00","800,00",100,0,PRODUTO
730,LENTE PROG 1.56 FOTO,152,"300,00","600,00",100,6,PRODUTO
731,ARMAÇÃO BURGUESE,7,"160,00","320,00",100,0,PRODUTO
732,LENTE VS1.56 FOTO AR,152,"200,00","400,00",100,6,PRODUTO
734,LENTE PROG1.50 FOTO,153,"300,00","600,00",100,9,PRODUTO
735,LENTE VS1.59 AR BLUE,119,"300,00","600,00",100,9,PRODUTO
736,LENTE VS1.67 ANTIRREFLEXO ACAB,152,"400,00","800,00",100,8,PRODUTO
737,VARILUX PHYSIO TRANSITIOS CRIZAL EASY PRO,60,"2090,00","4180,00",100,10,PRODUTO
738,LENTE PR NOLINE AR,136,"200,00","400,00",100,9,PRODUTO
739,ARMAÇÃO LOUGGE,33,"150,00","300,00",100,0,PRODUTO
740,LENTE PR ESPACE INC,136,"230,00","460,00",100,7,PRODUTO
741,LENTE PROG VISION MAX HD1.67 SAFEBLUE AR DURAVISION,106,"991,00","1982,00",100,9,PRODUTO
742,LENTE PR AMPLUS 1.53 AR CE,51,"622,50","1245,00",100,9,PRODUTO
743,LENTE PR NEXVISION FOTO AR,122,"300,00","600,00",100,12,PRODUTO
745,LENTE PR VISIONMAX 1.5 FOTO AR DURAMAX VD,125,"850,00","1700,00",100,15,PRODUTO
746,ARMAÇÃO ECKO UNLTD,154,"240,00","480,00",100,-5,PRODUTO
747,OCULOS SOLAR ECKO UNLTD,154,"250,00","500,00",100,-3,PRODUTO
749,ARMAÇAO VERTZ,155,"195,00","390,00",100,7,PRODUTO
750,LENTE VS1.60 AR NO RISK,51,"600,00","1200,00",100,8,PRODUTO
751,LENTE VS 1.56 SOLAR,136,"250,00","500,00",100,8,PRODUTO
753,LENTE PR VISIONMAX HD1.5 DURAMAX,125,"725,00","1450,00",100,10,PRODUTO
754,LENTE PR VISION+1.50 INC,125,"300,00","600,00",100,6,PRODUTO
755,LENTE PR VISIONMAX SELF1.50 SELF SUNPROTEC,125,"1200,00","2400,00",100,9,PRODUTO
756,LENTE CONTATO TERAPEUTICA,103,"30,00","60,00",100,5,PRODUTO
757,LENTE PR 1.50 AR BLUE,122,"300,00","600,00",100,9,PRODUTO
758,LENTE PR VISION+1.50 SUNPROTEC,125,"400,00","800,00",100,4,PRODUTO
759,LENTE PR DAYNAMIC1.59 AR CX,51,"1200,00","2400,00",100,10,PRODUTO
760,LENTE PR VISIONMAX HD1.50 TANSIT. AR DURAMAX,125,"1000,00","2000,00",100,9,PRODUTO
761,LENTE VS1.56 FOTO AR BLUE,128,"250,00","500,00",100,3,PRODUTO
762,LENTE PR ARGOS1.5 SOLAR,51,"550,00","1100,00",100,9,PRODUTO
763,LENTE PR ARGOS 1.60 SOLAR,51,"995,00","1990,00",100,8,PRODUTO
764,LENTE PR VISION+1.50 AR DURAMAX,125,"400,00","800,00",100,14,PRODUTO
765,LENTE VS1.59 AR,136,"200,00","400,00",100,18,PRODUTO
766,LENTE PR VISIONMAX HD1.59 AR DURAMAX,125,"750,00","1500,00",100,9,PRODUTO
767,LENTE PR VISIONMAX HD1.50 SUNPROTEC,125,"650,00","1300,00",100,8,PRODUTO
768,LENTE PR VISIONMAX 1.5 FILTRO AR DURAMAX AZ,125,"800,00","1600,00",100,14,PRODUTO
769,LENTE PR LABO SYNC EASY 1.59 POLY INC,106,"350,00","700,00",100,9,PRODUTO
770,LENTE PR DAYNAMIC1.5 SOLAR,51,"1000,00","2000,00",100,9,PRODUTO
771,LENTE PR VISIONMAX HD1.50 TRASITIONS 8,125,"1050,00","2100,00",100,9,PRODUTO
772,LENTE VS 1.67 FOTO AR,156,"800,00","1600,00",100,9,PRODUTO
774,LENTE PR HAYTEK TOP 1.56 AR VD,88,"840,00","1680,00",100,6,PRODUTO
775,LENTE PR MULTI AR FILTRO AZUL,132,"250,00","500,00",100,6,PRODUTO
776,LENTE PR HAYTEK SMART 1.56 INC,88,"450,00","900,00",100,5,PRODUTO
777,LENTE PR VISION+ 1.59 SUNPROTEC,125,"800,00","1600,00",100,9,PRODUTO
778,LENTE PR HAYTEK SMART 1.56 FOTO AR V,88,"900,00","1800,00",100,11,PRODUTO
779,LENTE PR VISION+ 1.50 SAFE BLUE SUNPROTEC,125,"650,00","1300,00",100,9,PRODUTO
780,LENTE PR HAYTEK TOP 1.59 AR V,88,"800,00","1600,00",100,8,PRODUTO
781,LENTE VS1.50 SURF SOLAR,51,"350,00","700,00",100,9,PRODUTO
782,LENTE PR HAYTEK PRO ID FF FILTO AZUL AR BLUE,88,"1.120,00","2240,00",100,8,PRODUTO
783,LENTE PR HAYTEK SMART 1.56 FF FOTO,88,"800,00","1600,00",100,11,PRODUTO
784,LENTE PR VISIONMAX 1.50 FOTO FILTRO  AR DUR AZ,125,"1024,00","2048,00",100,8,PRODUTO
785,LENTE PR ESPACE TRANSITIONS 8,136,"450,00","900,00",100,9,PRODUTO
786,LENTE PR VISIONMAX 1.6 SAFEBLUE DURAMAX BLUE,106,"1100,00","2200,00",100,8,PRODUTO
787,LENTE VS HAYTEK 1.59 FILTRO AZUL AR BLUE,88,"650,00","1300,00",100,9,PRODUTO
789,ARMAÇÃO POWER,157,"180,00","360,00",100,0,PRODUTO
790,LENTE PR HAYTEK LIGHT 1.56 AR VD,88,"550,00","1100,00",100,11,PRODUTO
791,LENTE PR DAYNAMIC1.53 NORISK BLUE,51,"1450,00","2900,00",100,8,PRODUTO
792,LENTE PR DAYNAMIC1.5 NORISK BLUE,51,"1900,00","3800,00",100,1,PRODUTO
793,LENTE PR HAYTEK LIGHT1.56 FILTRO FOTO AR AZUL,88,"500,00","1000,00",100,8,PRODUTO
794,LENTE PR HAYTEK SMART 1.56 FILTRO AR AZUL,88,"700,00","1400,00",100,10,PRODUTO
795,LENTE VS 1.59 INC SURF,51,"300,00","600,00",100,9,PRODUTO
796,LENTE PR VISIONMAX UNUQUE DURAMAX GREEN,125,"1270,00","2540,00",100,9,PRODUTO
797,LENTE PR HAYTEK LIGHT1.56 FOTO AR VD,88,"600,00","1200,00",100,4,PRODUTO
798,OCULOS SOLAR JEAN PIERRE,3,"275,00","550,00",100,0,PRODUTO
799,LENTE PR HAYTEK SMART 1.67 SOLAR DEG,88,"850,00","1700,00",100,9,PRODUTO
800,LENTE VS HAYTEK 1.67 FILTO AR BLUE,88,"400,00","800,00",100,8,PRODUTO
801,LENTE PR HAYTEK SMART 1.56 AR AZUL,88,"450,00","900,00",100,8,PRODUTO
803,ARMAÇÃO TOP CLUB,158,"260,00","520,00",100,-13,PRODUTO
804,LENTE VS HAYTEK 1.56 FOTO FILTRO AR AZUL,88,"1020,00","2040,00",100,15,PRODUTO
805,LENTE PR ARGOS TX 1.53 AR BLUE CONTROL,51,"1185,00","2370,00",100,9,PRODUTO
806,LENTE VS GOLD 1.56 AR,152,"200,00","400,00",100,1,PRODUTO
807,LENTE PR HAYTEK SMART 1.56 FOTO FILTRO AR AZUL,88,"1200,00","2400,00",100,15,PRODUTO
808,LENTE VS HAYTEK 1.56 FILTRO AR BLUE,88,"250,00","500,00",100,7,PRODUTO
809,LENTE PR HOYALUX LIFE STYLE3 ID PREMIO AR NORISK BLUE,51,"2100,00","4200,00",100,9,PRODUTO
810,LENTE PR HOYALUX LIFE STYLE3 ID PREMIO SOLAR,51,"2100,00","4200,00",100,9,PRODUTO
811,OCULOS PRONTO,159,"50,00","100,00",100,9,PRODUTO
812,LENTE PR VISION + TRANSITIONS 8,125,"500,00","1000,00",100,7,PRODUTO
813,LENTE PR DAYNAMIC1.5 SENSITY AR BLUE,51,"2100,00","4200,00",100,7,PRODUTO
814,LENTE VS HAYTEK1.67 FF FOTO AR,88,"1150,00","2300,00",100,9,PRODUTO
815,LENTE PR VISIONMAX SELF1.74 INC,125,"1200,00","2400,00",100,8,PRODUTO
816,LENTE VS HAYTEK1.67 AR VERDE,88,"450,00","900,00",100,8,PRODUTO
817,LENTE PR HAYTEK SMART 1.56 AR VERDE,88,"500,00","1000,00",100,6,PRODUTO
818,LENTE PR ORGALINE FOTO AR,136,"300,00","600,00",100,7,PRODUTO
820,LENTE BIFOCAL BIOVIS FOTO,160,"350,00","700,00",100,10,PRODUTO
821,LENTE PR MAXXEE INC,51,"300,00","600,00",100,8,PRODUTO
822,LENTE PR VISIONMAX SELF1.59 TRANSITIONS 8 AR GREEN VD,125,"1690,00","3380,00",100,9,PRODUTO
823,LENTE PR VISIONMAX SELF1.5 TRANSITIONS 8,125,"1450,00","2900,00",100,9,PRODUTO
824,LENTE PR VISIONMAX SELF1.5 SAFE BUE AR BLUE,125,"1250,00","2500,00",100,9,PRODUTO
825,LENTE PR DAYNAMIC1.5 SENSITY II,51,"1620,00","3240,00",100,6,PRODUTO
826,LENTE PR HAYTEK LIGHT 1.56 FILTRO AR AZUL,88,"700,00","1400,00",100,8,PRODUTO
827,LENTE PR HAYTEK TOP 1.59 AR AZUL,88,"850,00","1700,00",100,9,PRODUTO
828,LENTE VS HAYTEK 1.61 FF AR AZUL,88,"700,00","1400,00",100,14,PRODUTO
829,LENTE PR 1.50 FOTO,147,"300,00","600,00",100,9,PRODUTO
830,LENTE PR HAYTEK LIGHT 1.56 FOTO,88,"750,00","1500,00",100,14,PRODUTO
832,LENTE PR ESPACE INC,161,"200,00","400,00",100,9,PRODUTO
833,LENTE VS HAYTEK FOTO AR,136,"250,00","500,00",100,9,PRODUTO
834,LENTE PR VISIONMAX SELF 1.67 INC,125,"1800,00","3600,00",100,9,PRODUTO
835,LENTE PR STOK LUX FOTO,122,"300,00","600,00",100,9,PRODUTO
836,LENTE PR STOK LUX INC,122,"200,00","400,00",100,9,PRODUTO
837,LENTE PR HAYTEK SMART SOLAR CNZ 80%,88,"400,00","800,00",100,9,PRODUTO
838,LENTE PR BALANSIS AR NR/BC,51,"1850,00","3700,00",100,8,PRODUTO
839,LENTE VS HAYTEK 1.56 FOTO FILTRO AR AZUL,136,"275,00","550,00",100,5,PRODUTO
840,LENTE PR HOYA AMPLUS 1.50 NR/BC,51,"700,00","1400,00",100,9,PRODUTO
841,OCULOS SOLAR TECNOL,14,"200,00","400,00",100,6,PRODUTO
842,LENTE PR AMPLUS SENSITY AR NR/BC,51,"1350,00","2700,00",100,9,PRODUTO
843,LENTE PR GOLD FOTO AR,152,"350,00","700,00",100,9,PRODUTO
844,LENTE VS 1.56 FILTO AR AZUL,152,"250,00","500,00","100,00",5,PRODUTO
845,LENTE PR HAYTEK TOP 1.67 FILTRO AR AZUL,88,"1750,00","3500,00",100,9,PRODUTO
846,LENTE VS GOLD 1.56 FOTO FILTRO AR AZUL,152,"250,00","500,00",100,9,PRODUTO
848,LENTE BIFOCAL ULTEX FOTO,162,"300,00","600,00",100,9,PRODUTO
849,LENTE PR HAYTEK TOP 1.59 FOTO AR VD,88,"1200,00","2400,00",100,9,PRODUTO
850,LENTE VS1.67 HOYA INC,51,"1030,00","2060,00",100,9,PRODUTO
851,LENTE VS HAYTEK 1.56 FF AR VERDE,88,"400,00","800,00",100,7,PRODUTO
852,LENTE PR ARGOS AR NORISK,51,"870,00","1740,00",100,8,PRODUTO
853,LENTE PR HAYTEK SMART 1.67 FILTRO AR ZUL,88,"1400,00","2800,00",100,9,PRODUTO
854,LENTE PR HAYTEK LIGHT 1.56 FF INC,88,"400,00","800,00",100,9,PRODUTO
856,LENTE VS HAYTEK 1.56 FILTRO AR AZUL,163,"300,00","600,00",100,9,PRODUTO
857,LENTE ARGOS 1.53 AR NR/BC,51,"1050,00","2100,00",100,9,PRODUTO
858,LENTE PR VISIONMAX SELF 1.74 AR DURAMAX,125,"2300,00","4600,00",100,9,PRODUTO
859,LENTE PR DAYNAMIC SENSITY AR NORISK,51,"1900,00","3800,00",100,7,PRODUTO
860,LENTE PR HAYTEK SMART 1.56 FOTO FILTRO AR VERDE,88,"1000,00","2000,00",100,9,PRODUTO
861,LENTE PR VISIONMAX SELF 1.59 AR DURAMAX,125,"1300,00","2600,00",100,9,PRODUTO
863,ARMAÇÃO DEBORAH SECCO FP,164,"260,00","520,00",100,15,PRODUTO
864,OCULOS DEBORAH SECCO FP,164,"275,00","550,00",100,1,PRODUTO
865,LENTE VS1.50 HOYA SENSITY AR LL/UV CTL,51,"600,00","1200,00",100,9,PRODUTO
866,LENTE VS 1.67 HOYA AR LL/BC,51,"1250,00","2500,00",100,9,PRODUTO
867,LENTE PR ESPACE ACLIMATES,161,"400,00","800,00",100,9,PRODUTO
868,LENTE VS GOLD 1.59 POLY FOTO AR VERDE,152,"300,00","600,00",100,9,PRODUTO
869,LENTE VS1.53 HOYA SYNC III 9 AR NR/BC,51,"850,00","1700,00",100,9,PRODUTO
870,LENTE PR SMART INCOLOR,161,"250,00","500,00",100,9,PRODUTO
871,LENTE PR SMART FOTO,161,"300,00","600,00",100,9,PRODUTO
872,LENTE PR DAYNAMIC1.60 AR NR/BC,51,"1870,00","3740,00",100,18,PRODUTO
873,LENTE PR DAYNAMIC1.60 SOLAR,51,"1500,00","3000,00",100,8,PRODUTO
874,LENTE VS1.56 INOVATION FOTO AR,136,"300,00","600,00",100,9,PRODUTO
875,LENTE PR HAYTEK CONV AR VERDE,136,"250,00","500,00",100,8,PRODUTO
876,LENTE PR HAYTEK LIGHT 1.61 SOLAR,88,"750,00","1500,00",100,9,PRODUTO
877,LENTE VS 1.56 FOTO FILTRO AR AZUL,106,"360,00","720,00",100,8,PRODUTO
878,LENTE MIYOSMART CHAMELEON AR,51,"1050,00","2100,00",100,9,PRODUTO
879,LENTE PR MAXXEE AR VERDE,51,"300,00","600,00",100,8,PRODUTO
880,LENTE PR MAXXEE 1.56 FOTO AR VD,51,"650,00","1300,00",100,5,PRODUTO
881,LENTE PR MAXXEE 1.56 FOTO,51,"600,00","1200,00",100,8,PRODUTO
882,OCULOS SOLAR TOP CLUB,158,"275,00","550,00",100,1,PRODUTO
883,LENTE PR MAXXEE AR BLUE,51,"400,00","800,00",100,9,PRODUTO
884,LENTE PR MAXXEE 1.56 FOTO AR BLUE,51,"700,00","1400,00",100,9,PRODUTO
885,LENTE MIYOSMART AR,51,"1100,00","2200,00",100,8,PRODUTO
886,LENTE VS1.56 FILTRO AR AZUL,106,"200,00","400,00",100,9,PRODUTO
887,LENTE PR HAYTEK LIGHT1.56 AR VERDE PREMIUM,88,"650,00","1300,00",100,8,PRODUTO
888,LENTE PR HAYTEK SMART FILTRO AR AZULPREMIUM,88,"900,00","1800,00",100,9,PRODUTO
889,LENTE PR NEX VISION FOTO FILTRO AR AZUL,122,"300,00","600,00",100,9,PRODUTO