recFinanceiro,recAtendimento,recParcelas,recDesconto,recJuros
1,10021,1,0,0
2,10021,1,0,0
3,10021,1,0,0
4,10021,1,0,0
8,10024,1,0,0
9,10024,1,0,0
10,10024,1,0,0
11,10024,1,0,0
12,10027,1,0,0
13,10027,1,0,0
14,10027,1,0,0
15,10027,1,0,0
16,10028,1,0,0
17,10028,1,0,0
18,10031,1,0,0
19,10031,1,0,0
20,10031,1,0,0
21,10031,1,0,0
22,10032,1,0,0
23,10032,1,0,0
24,10032,1,0,0
25,10033,1,0,0
26,10033,1,0,0
27,10033,1,0,0
28,10033,1,0,0
29,10033,1,0,0
30,10035,1,0,0
31,10036,1,0,0
32,10036,1,0,0
33,10036,1,0,0
34,10037,1,0,0
35,10037,1,0,0
36,10037,1,0,0
37,10038,1,0,0
38,10039,1,0,0
39,10040,1,0,0
40,10042,1,0,0
41,10043,1,0,0
42,10044,1,0,0
43,10045,1,0,0
44,10046,1,0,0
45,10047,1,0,0
46,10048,1,0,0
47,10049,1,0,0
48,10049,1,0,0
49,10049,1,0,0
50,10050,1,0,0
51,10051,1,0,0
52,10052,1,0,0
53,10054,1,"200,00",0
54,10055,1,0,0
55,10055,1,0,0
56,10056,1,0,0
57,10057,1,0,0
58,10058,6,0,0
59,10061,1,0,0
60,10062,1,0,0
61,10063,1,0,0
62,10064,1,0,0
64,10057,1,0,0
65,10067,1,0,0
66,10068,6,0,0
67,10069,4,0,0
68,10070,1,0,0
69,10071,1,0,0
70,10072,4,"80,00",0
71,10073,1,0,0
72,10074,1,0,0
73,10074,1,0,0
74,10074,1,0,0
75,10074,1,0,0
76,10061,1,0,0
77,10075,1,0,0
78,10076,1,0,0
79,10077,1,"90,00",0
80,10078,1,"420,00",0
81,10079,1,"120,00",0
82,10080,1,"130,00",0
83,10081,1,"140,00",0
84,10082,1,"350,00",0
85,10083,1,"120,00",0
86,10084,1,0,0
87,10086,1,"100,00",0
88,10087,1,"130,00",0
89,10088,6,"40,00",0
90,10085,1,0,0
91,10073,1,0,0
92,10074,1,0,0
93,10064,1,0,0
94,10041,1,0,0
95,10041,1,0,0
96,10041,1,0,0
97,10028,1,0,0
98,10028,1,0,0
99,10090,1,0,0
100,10090,1,0,0
101,10090,1,0,0
106,10092,1,0,0
107,10092,1,0,0
108,10092,1,0,0
109,10092,1,0,0
110,10093,1,0,0
111,10092,1,0,0
112,10094,1,0,0
113,10095,1,0,0
114,10095,1,0,"50,00"
115,10097,1,0,0
116,10098,1,0,0
117,10099,1,0,0
118,10099,1,0,0
119,10102,1,0,0
120,10102,1,0,0
121,10102,1,0,0
122,10103,1,0,0
123,10103,1,0,0
124,10103,1,0,0
125,10103,1,0,0
126,10103,1,0,0
127,10104,1,0,0
128,10105,1,0,0
129,10105,1,0,0
130,10105,1,0,0
131,10105,1,0,0
132,10105,1,0,0
133,10106,1,0,0
134,10106,1,0,0
135,10106,1,0,0
136,10106,1,0,0
137,10106,1,0,0
138,10107,1,0,0
139,10107,1,0,0
140,10107,1,0,0
141,10107,1,0,0
142,10108,1,0,0
143,10109,1,0,0
144,10110,1,0,0
145,10110,1,0,0
146,10110,1,0,0
147,10112,1,0,0
148,10113,1,0,0
149,10113,1,0,0
150,10113,1,0,0
151,10114,1,0,0
152,10114,1,0,"10,00"
153,10115,1,0,0
154,10115,1,0,0
155,10115,1,0,0
156,10115,1,0,0
157,10115,1,0,0
158,10115,1,0,0
160,10120,1,"360,00",0
161,10121,1,"510,00",0
162,10124,1,"200,00",0
163,10125,1,0,0
164,10126,1,0,0
165,10127,1,0,0
166,10129,1,0,0
167,10128,1,0,0
168,10128,1,0,0
169,10128,1,0,0
170,10128,1,0,0
171,10129,1,0,0
172,10129,1,0,0
173,10129,1,0,0
174,10129,1,0,0
175,10127,1,0,"30,00"
176,10130,1,0,0
177,10130,1,0,0
178,10130,1,0,0
179,10130,1,0,0
180,10131,1,0,0
181,10031,1,0,0
182,10134,1,0,0
183,10135,2,0,0
184,10136,1,0,0
185,10136,1,0,0
186,10136,1,0,0
187,10136,1,0,0
188,10137,1,0,0
189,10138,1,0,0
190,10138,1,0,0
191,10139,1,0,0
192,10139,1,0,0
193,10139,1,0,0
194,10139,1,0,0
195,10140,1,0,0
196,10141,1,0,0
197,10141,1,0,0
198,10141,1,0,0
199,10142,1,0,0
200,10142,1,0,0
201,10142,1,0,0
202,10143,1,0,0
203,10144,1,0,0
204,10144,1,0,0
205,10144,1,0,0
206,10145,1,0,0
207,10145,1,0,0
208,10145,1,0,0
209,10146,1,0,0
210,10146,1,0,0
211,10147,1,0,0
212,10147,1,0,0
213,10147,1,0,0
214,10147,1,0,0
215,10148,1,0,0
216,10149,1,0,0
217,10149,1,0,0
218,10149,1,0,0
219,10151,1,0,0
220,10151,1,0,0
221,10152,1,0,0
222,10153,1,0,0
223,10154,1,"270,00",0
224,10076,1,0,0
225,10046,1,0,0
226,10046,1,0,0
227,10066,1,0,0
228,10066,1,0,0
229,10063,1,0,0
230,10050,1,0,0
231,10052,1,0,0
232,10052,1,0,0
233,10061,1,0,0
234,10103,1,0,0
235,10032,1,0,0
236,10032,1,0,0
237,10032,1,0,0
238,10159,6,"180,00",0
239,10160,1,0,0
240,10161,1,0,0
241,10048,1,0,0
242,10048,1,0,0
243,10024,1,0,0
244,10128,1,0,0
245,10130,1,0,0
246,10119,1,0,0
247,10164,1,0,0
248,10064,1,0,0
249,10049,1,0,0
250,10085,1,0,0
251,10139,1,0,0
252,10046,1,0,0
253,10152,1,0,0
254,10166,1,0,0
255,10166,1,0,0
256,10099,1,0,0
257,10066,1,0,0
258,10113,1,0,0
259,10146,1,0,0
260,10157,1,0,0
261,10048,1,0,0
262,10126,1,0,0
263,10073,1,0,0
264,10167,1,0,0
265,10168,1,0,0
266,10168,1,0,0
267,10168,1,0,0
268,10168,1,0,0
269,10168,1,0,0
270,10153,1,0,0
271,10169,6,0,0
272,10171,1,"430,00",0
273,10172,5,"150,00",0
274,10173,1,0,0
275,10174,1,0,0
276,10175,1,0,0
277,10096,1,0,0
278,10132,1,0,0
279,10061,1,0,0
321,10170,1,0,0
322,10165,1,0,0
323,10125,1,0,0
324,10155,1,0,0
327,10176,1,0,0
328,10177,6,"80,00",0
332,10178,4,"270,00",0
333,10179,1,"100,00",0
334,10181,1,0,0
335,10160,1,0,0
336,10182,1,0,0
337,10183,5,"152,00",0
338,10185,1,"40,00",0
339,10186,3,0,0
343,10187,5,0,0
344,10166,1,0,0
345,10046,1,0,0
346,10119,1,0,0
347,10162,1,0,0
348,10126,1,0,0
349,10174,1,0,0
350,10139,1,0,0
351,10066,1,0,0
352,10101,1,0,0
353,10113,1,0,0
354,10164,1,0,0
355,10170,1,0,0
356,10073,1,0,0
359,10085,1,0,0
360,10146,1,0,0
361,10099,1,0,0
363,10047,1,0,0
364,10161,1,0,0
365,10158,1,0,0
366,10184,1,0,0
367,10152,1,0,0
369,10191,1,"320,00",0
370,10192,6,"460,00",0
371,10193,1,"70,00",0
372,10194,6,"430,00",0
373,10195,1,"370,00",0
375,10090,1,0,0
376,10090,1,0,0
377,10180,1,0,0
378,10196,6,"620,00",0
380,10155,1,0,0
381,10187,1,0,0
382,10197,4,0,0
384,10134,1,0,0
385,10134,1,0,0
386,10165,1,0,0
387,10136,1,0,0
388,10136,1,0,0
389,10198,1,0,0
390,10199,1,0,0
391,10201,1,0,0
392,10202,1,0,0
393,10203,1,"360,00",0
396,10162,1,0,0
397,10190,1,0,0
398,10028,1,0,"10,00"
399,10125,1,0,0
400,10204,1,0,0
402,10076,1,0,0
403,10205,1,0,0
404,10199,1,0,0
406,10028,1,0,"20,00"
407,10100,1,0,0
408,10100,1,0,0
409,10206,2,0,0
410,10189,1,0,0
411,10207,3,0,0
412,10209,3,"240,00",0
414,10139,1,0,0
415,10126,1,0,0
416,10119,1,0,0
419,10211,1,0,0
420,10212,6,0,0
421,10166,1,0,0
422,10166,1,0,0
423,10066,1,0,0
424,10046,1,0,0
425,10085,1,0,0
426,10160,1,0,0
427,10160,1,0,0
429,10146,1,0,0
430,10073,1,0,0
431,10215,1,0,0
432,10153,1,0,0
433,10153,1,0,0
434,10216,1,0,0
435,10113,1,0,0
436,10064,1,0,0
437,10064,1,0,0
438,10166,1,0,0
440,10218,1,0,0
441,10219,1,0,0
442,10164,1,0,0
443,10170,1,0,0
444,10161,1,0,0
445,10152,1,0,0
446,10220,6,"324,00",0
447,10175,1,0,0
448,10221,1,0,0
449,10202,1,0,0
452,10187,1,0,0
453,10180,1,0,0
454,10132,1,0,0
456,10189,1,0,0
457,10060,1,0,0
458,10060,1,0,0
459,10225,1,"110,00",0
460,10226,3,"310,00",0
462,10127,1,0,0
466,10227,6,"192,00",0
469,10213,1,0,0
470,10162,1,0,0
471,10190,1,0,0
472,10199,1,0,0
473,10090,1,0,0
474,10217,1,"524,00",0
475,10228,1,"310,00",0
476,10155,1,0,0
477,10222,1,0,0
478,10213,1,0,0
479,10230,1,0,0
481,10232,1,"170,00",0
482,10229,1,"340,00",0
483,10051,1,0,0
485,10233,1,0,0
486,10233,1,0,0
487,10233,1,0,0
488,10233,1,0,0
489,10233,1,0,0
490,10200,1,0,0
491,10170,1,0,0
492,10208,1,0,0
493,10119,1,0,0
494,10211,1,0,0
495,10152,1,0,0
499,10166,1,0,0
500,10064,1,0,0
501,10205,1,0,0
503,10231,1,0,0
504,10126,1,0,0
505,10223,1,0,0
506,10158,1,0,0
507,10158,1,0,0
508,10187,1,0,0
509,10234,1,0,0
510,10146,1,0,0
511,10075,1,0,0
516,10142,1,0,0
517,10142,1,0,0
518,10125,1,0,"3,00"
519,10221,1,0,0
520,10073,1,0,0
521,10099,1,0,0
522,10122,1,0,0
524,10240,1,0,0
525,10241,1,0,0
526,10184,1,0,0
527,10180,1,0,0
528,10242,1,0,0
529,10236,1,0,0
530,10246,5,"380,00",0
531,10247,6,"110,00",0
532,10248,1,0,0
536,10235,1,0,0
537,10238,1,"410,00",0
538,10239,5,"310,00",0
539,10243,1,0,0
540,10244,1,0,0
541,10250,1,0,0
542,10189,1,0,0
543,10062,1,0,0
544,10100,1,0,0
545,10253,1,"190,00",0
550,10114,1,0,0
551,10114,1,0,0
552,10210,1,0,0
553,10182,1,0,0
554,10182,1,0,0
555,10182,1,0,0
556,10205,1,0,0
557,10162,1,0,0
558,10190,1,0,0
562,10255,4,"30,00",0
563,10251,1,"100,00",0
564,10230,1,0,0
565,10101,1,0,0
566,10165,1,0,0
567,10201,1,0,0
569,10094,1,0,0
571,10201,1,0,0
572,10222,1,0,0
573,10235,1,0,0
574,10211,1,0,0
575,10208,1,0,0
576,10170,1,0,0
578,10256,3,0,0
579,10236,1,0,0
580,10248,1,0,0
581,10223,1,0,0
582,10237,1,0,0
583,10119,1,0,0
584,10257,1,0,0
585,10257,1,0,0
591,10234,1,0,0
592,10234,1,0,0
593,10234,1,0,0
594,10234,1,0,0
595,10213,1,0,0
596,10244,1,0,0
597,10187,1,0,0
598,10231,1,0,0
599,10155,1,0,0
600,10161,1,0,0
601,10214,1,0,0
603,10257,6,"5,00",0
604,10258,6,0,0
605,10259,1,0,0
606,10260,3,"90,00",0
607,10262,5,"210,00",0
608,10263,1,0,0
609,10266,5,"210,00",0
610,10267,5,"60,00",0
611,10268,1,"150,00",0
617,10189,1,0,0
618,10214,1,0,0
619,10214,1,0,0
620,10230,1,0,0
621,10242,1,0,0
622,10240,1,0,0
623,10241,1,0,0
624,10180,1,0,0
625,10250,1,0,0
626,10091,1,0,"5,00"
627,10091,1,0,"5,00"
628,10153,1,0,0
629,10245,1,0,0
630,10269,6,"150,00",0
631,10270,1,0,0
632,10271,6,"95,00",0
633,10272,1,"260,00",0
634,10273,1,0,0
635,10273,1,0,0
636,10162,1,0,0
637,10190,1,0,0
638,10277,4,"90,00",0
639,10278,1,"40,00",0
640,10279,6,"522,00",0
641,10249,1,0,0
642,10276,1,0,0
643,10261,1,0,0
644,10222,1,0,0
645,10155,1,0,0
646,10201,1,0,0
647,10243,1,0,0
651,10205,1,0,0
652,10270,1,0,0
653,10213,1,0,0
654,10275,6,"35,00",0
655,10280,1,0,0
656,10283,5,"260,00",0
657,10285,1,0,0
658,10286,4,0,0
659,10211,1,0,0
660,10170,1,0,0
661,10134,1,0,0
662,10281,1,0,0
663,10119,1,0,0
664,10265,1,0,0
665,10208,1,0,0
666,10236,1,0,0
667,10223,1,0,0
668,10235,1,0,0
669,10242,1,0,0
670,10231,1,0,0
671,10248,1,0,0
672,10244,1,0,0
682,10252,1,0,0
683,10252,1,0,0
684,10252,1,0,0
685,10241,1,0,0
686,10240,1,0,0
687,10287,1,"100,00",0
688,10233,1,0,0
689,10233,1,0,0
690,10254,1,0,0
691,10076,1,0,0
692,10264,1,0,0
693,10180,1,0,0
694,10259,1,0,0
695,10250,1,0,0
696,10214,1,0,0
697,10263,1,0,0
698,10200,1,0,0
701,10182,1,0,0
702,10289,1,0,0
703,10122,1,0,0
704,10293,6,"150,00",0
705,10295,4,0,0
706,10296,6,"180,00",0
707,10297,1,"110,00",0
708,10298,1,0,0
709,10300,1,0,0
710,10301,4,"50,00",0
711,10302,1,0,0
713,10245,1,0,0
714,10254,1,0,0
715,10274,1,0,0
716,10190,1,0,0
717,10280,1,0,0
718,10303,1,"202,00",0
719,10304,5,"92,00",0
721,10307,1,0,0
722,10290,1,"350,00",0
723,10222,1,0,0
724,10230,1,0,0
725,10294,1,0,0
726,10284,1,0,0
727,10184,1,0,0
728,10132,1,0,0
729,10025,1,0,0
730,10025,1,0,0
731,10025,1,0,0
732,10144,1,0,0
733,10276,1,0,0
734,10270,1,0,0
742,10308,1,0,0
743,10309,1,0,0
744,10305,1,0,0
745,10189,1,0,0
746,10310,1,0,0
747,10208,1,0,0
748,10236,1,0,0
749,10231,1,0,0
750,10187,1,0,0
751,10288,1,0,0
752,10205,1,0,0
753,10223,1,0,0
755,10276,1,0,0
756,10291,1,0,0
757,10161,1,0,0
758,10201,1,0,0
764,10244,1,0,0
765,10306,1,0,0
766,10298,1,0,0
767,10265,1,0,0
768,10312,1,0,0
769,10314,2,"210,00",0
770,10315,1,0,0
771,10313,1,0,0
774,10285,1,0,0
775,10180,1,0,0
776,10248,1,0,0
781,10250,1,0,0
782,10280,1,0,0
783,10317,1,0,0
784,10245,1,0,0
785,10318,1,0,0
786,10243,1,0,0
787,10123,1,0,0
788,10123,1,0,0
789,10123,1,0,0
790,10320,2,0,0
791,10305,1,0,0
792,10254,1,0,0
793,10190,1,0,0
794,10274,1,0,0
795,10076,1,0,"5,00"
796,10284,1,0,0
797,10200,1,0,0
798,10264,1,0,0
799,10241,1,0,0
800,10240,1,0,0
801,10230,1,0,0
802,10323,1,0,0
803,10281,1,0,0
804,10187,1,0,0
805,10299,1,0,0
806,10299,1,0,0
818,10322,6,"340,00",0
819,10324,1,"390,00",0
820,10325,1,0,0
821,10329,6,0,0
823,10222,1,0,0
824,10259,1,0,0
825,10259,1,0,0
826,10270,1,0,0
827,10245,1,0,0
828,10292,1,0,0
829,10221,1,0,"10,00"
830,10294,1,0,0
831,10265,1,0,0
832,10236,1,0,0
833,10276,1,0,0
834,10288,1,0,0
835,10201,1,0,0
836,10244,1,0,0
837,10223,1,0,0
838,10285,1,0,0
839,10315,1,0,0
840,10311,1,0,0
841,10208,1,0,0
842,10328,1,0,0
843,10327,1,0,0
844,10248,1,0,0
845,10184,1,0,0
846,10184,1,0,0
847,10184,1,0,0
855,10261,1,0,0
856,10313,1,0,0
857,10259,1,0,0
858,10325,1,0,0
860,10331,1,0,0
861,10332,1,"338,00",0
862,10333,1,0,0
863,10335,1,"250,00",0
864,10337,1,0,0
865,10338,2,"50,00",0
866,10334,1,0,0
867,10330,1,"230,00",0
868,10336,1,"260,00",0
871,10280,1,0,0
872,10316,1,0,0
873,10312,1,0,0
874,10231,1,0,0
875,10306,1,0,0
876,10235,1,0,0
877,10235,1,0,0
878,10340,1,0,0
879,10343,1,0,0
884,10341,1,"100,00",0
885,10344,1,0,0
886,10347,1,0,0
887,10346,1,0,0
890,10342,1,"250,00",0
891,10230,1,0,0
892,10249,1,0,0
893,10222,1,0,0
894,10294,1,0,0
895,10270,1,0,0
896,10326,1,0,0
897,10274,1,0,0
898,10284,1,0,0
899,10317,1,0,0
900,10254,1,0,0
901,10240,1,0,0
902,10241,1,0,0
903,10348,2,"190,00",0
904,10349,1,"345,00",0
905,10350,6,"300,00",0
918,10201,1,0,0
919,10292,1,0,0
920,10319,1,0,0
921,10236,1,0,0
922,10276,1,0,0
923,10223,1,0,0
924,10315,1,0,0
925,10291,1,0,0
926,10328,1,0,0
927,10265,1,0,0
928,10244,1,0,0
929,10339,1,0,0
930,10288,1,0,0
931,10231,1,0,0
932,10285,1,0,0
933,10327,1,0,0
934,10312,1,0,0
935,10313,1,0,0
936,10340,1,0,0
937,10305,1,0,0
938,10358,1,0,0
946,10208,1,0,0
947,10264,1,0,0
948,10331,1,0,0
949,10317,1,0,0
950,10306,1,0,0
951,10252,1,0,0
952,10280,1,0,0
953,10351,1,0,0
954,10274,1,0,0
955,10254,1,0,0
956,10200,1,0,0
957,10334,1,0,0
958,10261,1,0,0
959,10347,1,0,0
960,10364,3,"200,00",0
962,10337,1,0,0
963,10337,1,0,0
964,10294,1,0,0
965,10270,1,0,0
966,10101,1,0,0
967,10328,1,0,0
968,10265,1,0,0
969,10352,6,"130,00",0
970,10354,1,"100,00",0
971,10356,6,"110,00",0
972,10357,1,"130,00",0
973,10359,1,"230,00",0
974,10316,1,0,0
975,10361,3,"40,00",0
976,10362,1,0,0
977,10362,1,0,0
978,10158,1,0,0
979,10363,5,"160,00",0
983,10259,1,0,0
984,10345,1,0,0
985,10339,1,0,0
986,10288,1,0,0
987,10284,1,0,0
988,10125,1,0,"3,00"
989,10292,1,0,0
990,10373,1,0,0
991,10367,1,"508,00",0
992,10049,1,0,0
993,10027,1,0,0
998,10360,1,0,0
999,10326,1,0,0
1000,10371,1,0,0
1001,10240,1,0,0
1002,10241,1,0,0
1003,10285,1,0,0
1004,10346,1,0,0
1005,10346,1,0,0
1006,10327,1,0,0
1007,10368,1,0,0
1008,10344,1,0,0
1013,10351,1,0,0
1014,10312,1,0,0
1015,10306,1,0,0
1016,10280,1,0,0
1017,10331,1,0,0
1018,10374,1,0,0
1019,10375,1,0,0
1020,10378,1,"350,00",0
1021,10379,2,0,0
1022,10380,5,"480,00",0
1023,10381,1,0,0
1024,10383,1,0,0
1025,10384,1,0,0
1026,10385,1,0,0
1027,10386,6,"132,00",0
1028,10388,1,0,0
1029,10390,1,0,0
1030,10376,1,0,0
1033,10025,1,0,0
1034,10245,1,0,0
1035,10362,1,0,0
1036,10319,1,0,0
1037,10315,1,0,0
1038,10132,1,0,0
1039,10370,1,0,0
1040,10125,1,0,"3,00"
1042,10317,1,0,0
1043,10334,1,0,0
1044,10313,1,0,0
1045,10316,1,0,0
1046,10221,1,0,0
1048,10274,1,0,0
1049,10340,1,0,0
1050,10254,1,0,0
1051,10391,5,"372,00",0
1052,10394,4,"50,00",0
1053,10245,1,0,0
1055,10395,1,0,0
1059,10264,1,0,0
1060,10252,1,0,0
1061,10294,1,0,0
1062,10392,1,0,0
1063,10369,1,0,0
1064,10377,1,0,0
1065,10242,1,0,0
1066,10242,1,0,0
1067,10281,1,0,0
1068,10396,5,"320,00",0
1069,10397,1,0,0
1071,10385,1,0,0
1072,10376,1,0,0
1073,10374,1,0,0
1076,10265,1,0,0
1077,10306,1,0,0
1078,10062,1,0,0
1079,10062,1,0,0
1080,10328,1,0,0
1081,10161,1,0,"3,00"
1082,10200,1,0,0
1083,10333,1,0,0
1084,10398,1,"360,00",0
1085,10399,1,"250,01",0
1086,10400,1,"890,01",0
1087,10261,1,0,0
1088,10315,1,0,0
1089,10403,6,"72,00",0
1090,10405,1,"390,00",0
1092,10371,1,0,0
1093,10345,1,0,0
1094,10284,1,0,0
1095,10368,1,0,0
1096,10372,1,0,0
1097,10407,4,0,0
1098,10383,1,0,0
1099,10382,1,0,0
1100,10313,1,0,0
1101,10381,1,0,0
1102,10334,1,0,0
1103,10327,1,0,0
1104,10331,1,0,0
1105,10351,1,0,0
1106,10264,1,0,0
1113,10340,1,0,0
1114,10408,1,0,0
1115,10404,1,0,0
1116,10409,1,0,0
1121,10049,1,0,0
1122,10387,1,0,0
1123,10317,1,0,0
1124,10316,1,0,0
1125,10274,1,0,0
1127,10411,1,0,0
1128,10416,6,"110,00",0
1129,10339,1,0,0
1130,10288,1,0,0
1131,10376,1,0,0
1132,10374,1,0,0
1133,10401,1,0,0
1134,10401,1,0,0
1135,10249,1,0,0
1136,10360,1,0,0
1137,10237,1,0,0
1142,10392,1,0,0
1143,10417,6,"530,00",0
1144,10418,1,"899,99",0
1145,10420,1,0,0
1146,10421,1,"190,00",0
1147,10311,1,0,0
1148,10311,1,0,0
1149,10311,1,0,0
1150,10311,1,0,"5,00"
1152,10328,1,0,0
1153,10385,1,0,0
1163,10343,1,0,0
1164,10343,1,0,0
1165,10252,1,0,0
1166,10393,1,0,0
1167,10406,1,0,0
1168,10158,1,0,0
1169,10292,1,0,0
1170,10377,1,0,0
1171,10265,1,0,0
1172,10414,1,0,0
1173,10410,1,0,0
1174,10370,1,0,0
1175,10261,1,0,0
1176,10383,1,0,0
1177,10383,1,0,0
1178,10383,1,0,0
1179,10395,1,0,0
1180,10026,1,0,0
1181,10026,1,0,0
1182,10312,1,0,0
1183,10353,1,0,0
1185,10200,1,0,0
1186,10419,6,"150,00",0
1187,10413,1,"60,00",0
1188,10424,6,"360,00",0
1189,10425,4,"110,00",0
1190,10426,1,0,0
1191,10427,6,"270,00",0
1192,10428,6,"214,00",0
1200,10382,1,0,0
1201,10381,1,0,0
1202,10372,1,0,0
1203,10369,1,0,0
1204,10360,1,0,0
1205,10340,1,0,0
1206,10284,1,0,0
1207,10351,1,0,0
1208,10371,1,0,0
1209,10344,1,0,0
1210,10415,1,0,0
1211,10431,1,0,0
1212,10430,1,0,0
1213,10368,1,0,0
1214,10422,1,0,0
1215,10317,1,0,0
1216,10358,1,0,0
1217,10331,1,0,0
1218,10331,1,0,0
1219,10288,1,0,0
1220,10339,1,0,0
1221,10401,1,0,0
1222,10401,1,0,0
1230,10433,5,"210,00",0
1231,10435,6,"490,00",0
1232,10437,6,"619,80",0
1233,10438,6,"610,00",0
1234,10100,1,0,0
1235,10100,1,0,0
1236,10395,1,0,0
1237,10333,1,0,0
1238,10333,1,0,0
1239,10333,1,0,0
1240,10333,1,0,0
1241,10404,1,0,0
1242,10404,1,0,0
1243,10389,1,0,0
1244,10402,1,0,0
1245,10432,1,0,0
1246,10411,1,0,0
1247,10411,1,0,0
1248,10292,1,0,0
1249,10360,1,0,0
1250,10393,1,0,0
1251,10385,1,0,0
1252,10432,1,0,0
1253,10432,1,0,0
1254,10036,1,0,0
1255,10036,1,0,0
1256,10036,1,0,0
1257,10442,1,0,0
1258,10389,1,0,0
1268,10410,1,0,0
1269,10414,1,0,0
1270,10415,1,0,0
1271,10261,1,0,0
1272,10406,1,0,0
1273,10371,1,0,0
1274,10351,1,0,0
1275,10340,1,0,0
1276,10441,1,0,0
1277,10443,1,0,0
1278,10444,1,0,0
1282,10123,1,0,0
1283,10123,1,0,0
1284,10420,1,0,0
1285,10447,3,"40,00",0
1286,10448,2,"160,00",0
1289,10451,1,"210,00",0
1291,10402,1,0,0
1292,10264,1,0,0
1293,10382,1,0,0
1294,10431,1,0,0
1295,10122,1,0,0
1296,10369,1,0,0
1297,10381,1,0,0
1298,10422,1,0,0
1299,10446,1,0,0
1302,10457,6,"560,00",0
1303,10458,6,"115,00",0
1304,10460,3,"300,00",0
1305,10461,1,0,0
1306,10462,1,0,0
1307,10464,1,0,0
1308,10465,1,"0,10",0
1309,10467,1,0,0
1310,10137,1,0,0
1311,10372,1,0,0
1312,10249,1,0,0
1313,10353,1,0,0
1314,10345,1,0,0
1315,10401,1,0,0
1316,10368,1,0,0
1317,10377,1,0,0
1318,10449,1,0,0
1319,10288,1,0,0
1320,10339,1,0,0
1321,10443,1,0,0
1322,10393,1,0,0
1323,10393,1,0,0
1324,10311,1,0,"5,00"
1330,10385,1,0,0
1331,10430,1,0,0
1336,10410,1,0,0
1337,10340,1,0,0
1338,10414,1,0,0
1339,10444,1,0,0
1340,10406,1,0,0
1341,10464,1,0,0
1342,10453,1,0,0
1343,10371,1,0,0
1344,10440,6,"472,00",0
1345,10469,1,0,0
1346,10471,4,0,0
1347,10472,1,"190,00",0
1348,10473,6,"80,00",0
1349,10475,1,0,0
1350,10476,1,0,0
1351,10313,1,0,0
1352,10477,6,"616,00",0
1353,10479,1,"420,00",0
1354,10480,3,"70,00",0
1355,10481,1,0,0
1356,10484,6,"120,00",0
1357,10485,7,"50,00",0
1358,10470,6,"40,00",0
1359,10368,1,0,0
1360,10466,1,0,0
1361,10369,1,0,0
1362,10463,1,0,0
1363,10474,1,0,0
1364,10384,1,0,0
1365,10422,1,0,0
1366,10408,1,0,0
1367,10442,1,0,0
1368,10456,1,0,0
1369,10431,1,0,0
1370,10402,1,0,0
1371,10459,1,0,0
1372,10454,1,0,0
1373,10261,1,0,0
1374,10461,1,0,0
1375,10360,1,0,0
1376,10420,1,0,0
1377,10468,1,"210,00",0
1378,10377,1,0,0
1379,10443,1,0,0
1380,10385,1,0,0
1398,10488,4,"400,00",0
1399,10489,6,"60,00",0
1400,10376,1,0,0
1401,10376,1,0,0
1402,10374,1,0,0
1403,10374,1,0,0
1404,10411,1,0,0
1405,10411,1,0,0
1406,10445,1,0,0
1407,10446,1,0,0
1408,10487,1,0,0
1409,10382,1,0,0
1410,10137,1,0,0
1411,10319,1,0,0
1412,10319,1,0,0
1413,10319,1,0,0
1414,10106,1,0,"5,00"
1415,10372,1,0,0
1416,10387,1,0,0
1417,10441,1,0,0
1418,10292,1,0,0
1419,10401,1,0,0
1420,10353,1,0,0
1421,10430,1,0,0
1422,10481,1,0,0
1423,10389,1,0,0
1424,10410,1,0,0
1425,10449,1,0,0
1426,10444,1,0,0
1430,10462,1,0,0
1431,10100,1,0,0
1432,10264,1,0,0
1435,10137,1,0,0
1436,10453,1,0,0
1437,10490,2,"120,00",0
1438,10393,1,0,0
1439,10393,1,0,0
1440,10454,1,0,0
1441,10436,1,0,0
1442,10436,1,0,0
1443,10408,1,0,0
1444,10371,1,0,0
1445,10406,1,0,0
1446,10456,1,0,0
1447,10132,1,0,0
1448,10464,1,0,0
1449,10414,1,0,0
1450,10384,1,0,"25,00"
1453,10461,1,0,0
1454,10450,1,0,0
1456,10431,1,0,0
1457,10459,1,0,0
1458,10442,1,0,0
1459,10483,1,0,0
1460,10402,1,0,0
1462,10491,1,0,0
1463,10321,1,0,0
1464,10321,1,0,0
1465,10321,1,0,0
1466,10321,1,0,0
1467,10321,1,0,0
1468,10370,1,0,0
1469,10370,1,0,0
1470,10370,1,0,0
1478,10474,1,0,0
1479,10422,1,0,0
1480,10369,1,0,0
1481,10486,1,0,0
1482,10345,1,0,0
1483,10157,1,0,0
1484,10492,1,0,0
1486,10494,1,0,0
1487,10495,1,0,0
1488,10452,1,0,0
1495,10493,1,0,0
1496,10281,1,0,0
1497,10025,1,0,0
1498,10025,1,0,0
1499,10374,1,0,0
1500,10374,1,0,0
1501,10374,1,0,0
1502,10376,1,0,0
1503,10376,1,0,0
1504,10463,1,0,0
1505,10443,1,0,0
1506,10497,1,0,0
1507,10499,1,0,0
1508,10500,2,"50,00",0
1509,10406,1,0,0
1510,10167,1,0,0
1511,10377,1,0,0
1512,10446,1,0,0
1513,10462,1,0,0
1514,10456,1,0,0
1515,10445,1,0,0
1516,10464,1,0,0
1517,10414,1,0,0
1518,10461,1,0,0
1519,10449,1,0,0
1520,10450,1,0,0
1521,10496,1,0,0
1522,10444,1,0,0
1523,10487,1,0,0
1524,10369,1,0,0
1525,10410,1,0,0
1526,10344,1,0,0
1527,10436,1,0,0
1528,10382,1,0,0
1529,10502,8,"660,00",0
1530,10503,6,"190,00",0
1531,10504,1,0,0
1532,10505,1,"440,00",0
1533,10506,1,0,0
1534,10507,4,"210,00",0
1535,10511,1,0,0
1542,10459,1,0,0
1543,10466,1,0,0
1544,10442,1,0,0
1545,10491,1,0,0
1546,10501,1,0,0
1547,10431,1,0,0
1548,10478,1,0,0
1549,10474,1,0,0
1550,10291,1,0,0
1551,10291,1,0,0
1552,10420,1,0,"3,00"
1555,10249,1,0,0
1556,10434,1,0,0
1557,10434,1,0,0
1558,10434,1,0,0
1559,10508,6,"20,00",0
1560,10509,4,"110,00",0
1561,10510,5,"420,00",0
1562,10372,1,0,0
1563,10513,6,"540,00",0
1564,10514,1,"50,00",0
1565,10454,1,0,0
1572,10273,1,0,0
1573,10273,1,0,0
1574,10273,1,0,0
1575,10273,1,0,0
1579,10060,1,0,0
1580,10060,1,0,0
1581,10060,1,0,0
1582,10060,1,0,0
1585,10482,1,0,0
1586,10422,1,0,0
1587,10486,1,0,0
1588,10423,1,0,0
1589,10493,1,0,0
1590,10382,1,0,0
1591,10517,1,0,0
1592,10521,5,"330,00",0
1594,10299,1,0,0
1595,10523,1,0,0
1596,10524,1,0,0
1597,10525,1,0,0
1598,10526,5,0,0
1599,10527,1,0,0
1600,10528,1,"0,01",0
1601,10529,5,"160,00",0
1602,10532,4,"200,00",0
1603,10533,1,"160,00",0
1604,10536,1,"70,00",0
1605,10538,3,"190,00",0
1606,10539,6,"380,00",0
1607,10540,1,0,0
1608,10541,1,0,0
1609,10389,1,0,0
1618,10515,1,0,0
1619,10358,1,0,0
1620,10408,1,0,0
1621,10443,1,0,0
1622,10487,1,0,0
1623,10497,1,0,0
1624,10445,1,0,0
1625,10434,1,0,0
1626,10462,1,0,0
1627,10449,1,0,0
1628,10531,1,0,0
1629,10525,1,0,0
1630,10525,1,0,0
1631,10464,1,0,0
1632,10543,4,"190,00",0
1633,10544,6,"380,00",0
1634,10545,6,"290,00",0
1642,10546,1,0,0
1643,10542,1,0,0
1649,10553,1,"260,00",0
1650,10554,5,"142,00",0
1651,10548,3,"190,00",0
1652,10552,1,"360,00",0
1653,10556,6,"330,00",0
1657,10504,1,0,0
1658,10504,1,0,0
1659,10486,1,0,0
1660,10446,1,0,0
1661,10221,1,0,0
1662,10511,1,0,0
1663,10501,1,0,0
1664,10434,1,0,0
1665,10431,1,0,0
1666,10377,1,0,0
1667,10345,1,0,0
1668,10436,1,0,0
1669,10496,1,0,0
1670,10454,1,0,0
1671,10452,1,0,0
1672,10453,1,0,0
1673,10461,1,0,0
1676,10557,1,"150,00",0
1677,10558,1,"40,00",0
1678,10560,3,"260,00",0
1679,10561,1,0,0
1680,10562,1,"459,99",0
1681,10563,5,"210,00",0
1682,10565,6,"32,00",0
1683,10549,1,0,0
1690,10567,1,0,0
1692,10443,1,0,0
1693,10564,1,0,0
1694,10525,1,0,0
1695,10525,1,0,0
1696,10450,1,0,0
1697,10493,1,0,0
1698,10422,1,0,0
1699,10497,1,0,0
1700,10445,1,0,0
1701,10463,1,0,0
1702,10487,1,0,0
1707,10436,1,0,0
1708,10353,1,0,0
1709,10546,1,0,0
1710,10456,1,0,0
1711,10449,1,0,0
1713,10462,1,0,0
1714,10459,1,0,0
1715,10459,1,0,0
1716,10542,1,0,0
1717,10482,1,0,0
1718,10515,1,0,0
1719,10524,1,0,0
1720,10524,1,0,0
1721,10547,1,0,0
1722,10129,1,0,0
1723,10474,1,0,0
1724,10474,1,0,0
1725,10568,1,0,0
1726,10569,1,"60,00",0
1727,10530,1,0,0
1728,10530,1,0,0
1734,10535,1,0,0
1735,10535,1,0,0
1738,10537,1,0,0
1739,10537,1,0,0
1740,10537,1,0,0
1741,10531,1,0,0
1742,10482,1,0,0
1743,10476,1,0,0
1744,10476,1,0,0
1745,10051,1,0,0
1749,10454,1,0,0
1750,10567,1,0,0
1751,10567,1,0,0
1752,10567,1,0,0
1753,10501,1,0,0
1754,10511,1,0,0
1755,10568,1,0,0
1756,10559,1,0,0
1757,10464,1,0,0
1758,10483,1,0,0
1760,10573,4,"90,00",0
1761,10574,1,"130,00",0
1764,10575,5,"10,00",0
1765,10576,1,0,0
1766,10577,1,0,0
1767,10578,1,"130,00",0
1768,10580,5,0,0
1769,10581,1,0,0
1770,10582,6,"150,00",0
1775,10584,1,"380,00",0
1779,10585,8,"240,00",0
1780,10586,5,"30,00",0
1786,10486,1,0,0
1787,10566,1,0,0
1788,10523,1,0,0
1789,10408,1,0,0
1790,10493,1,0,0
1791,10434,1,0,0
1792,10522,1,0,0
1793,10587,1,0,0
1794,10497,1,0,0
1795,10445,1,0,0
1802,10144,1,0,0
1803,10589,1,"310,00",0
1804,10590,1,"440,00",0
1805,10593,1,0,0
1806,10583,1,0,0
1807,10588,1,0,0
1808,10592,1,0,0
1809,10595,1,0,0
1810,10596,1,"100,00",0
1811,10597,1,"839,99",0
1812,10598,6,"260,00",0
1813,10516,1,0,0
1814,10516,1,0,0
1815,10478,1,0,0
1816,10430,1,0,0
1817,10496,1,0,0
1818,10570,1,0,0
1819,10525,1,0,0
1820,10515,1,0,0
1821,10559,1,0,0
1822,10546,1,0,0
1823,10524,1,0,0
1824,10353,1,0,0
1825,10456,1,0,0
1826,10430,1,0,0
1827,10449,1,0,0
1828,10452,1,0,0
1829,10504,1,0,0
1830,10281,1,0,0
1831,10542,1,0,0
1832,10572,1,0,0
1839,10566,1,0,0
1840,10486,1,0,0
1841,10564,1,0,0
1842,10531,1,0,0
1843,10568,1,0,0
1844,10423,1,0,0
1846,10601,4,"10,00",0
1850,10600,1,0,0
1851,10408,1,0,0
1852,10511,1,0,0
1853,10482,1,0,0
1854,10462,1,0,0
1855,10026,1,0,0
1856,10026,1,0,0
1857,10026,1,0,0
1858,10570,1,0,0
1859,10463,1,0,0
1860,10577,1,0,0
1861,10491,1,0,0
1862,10491,1,0,0
1863,10491,1,0,0
1864,10491,1,0,0
1865,10549,1,0,0
1866,10450,1,0,0
1874,10353,1,0,0
1875,10572,1,0,0
1876,10493,1,0,0
1877,10376,1,0,0
1878,10375,1,0,0
1879,10546,1,0,0
1880,10559,1,0,0
1881,10602,3,"240,00",0
1884,10534,3,"0,01",0
1890,10358,1,0,0
1891,10594,1,0,0
1892,10163,1,0,0
1893,10515,1,0,0
1894,10581,1,0,0
1895,10591,1,0,0
1896,10462,1,0,0
1897,10497,1,0,0
1898,10588,1,0,0
1899,10504,1,0,0
1900,10446,1,0,0
1901,10531,1,0,0
1902,10568,1,0,0
1903,10599,1,0,0
1904,10482,1,0,0
1905,10441,1,0,0
1906,10441,1,0,0
1907,10441,1,0,0
1908,10249,1,0,0
1909,10439,1,0,0
1910,10542,1,0,0
1911,10566,1,0,0
1912,10522,1,0,0
1922,10603,1,0,0
1923,10603,1,0,0
1925,10604,1,0,0
1926,10605,5,"450,00",0
1927,10607,2,0,0
1928,10609,1,"70,00",0
1929,10610,1,"30,00",0
1934,10423,1,0,0
1935,10587,1,0,0
1936,10535,1,0,0
1937,10387,1,0,0
1938,10387,1,0,0
1939,10583,1,0,0
1941,10491,1,0,0
1942,10511,1,0,0
1944,10559,1,0,0
1945,10571,1,0,0
1946,10466,1,0,0
1948,10594,1,0,0
1949,10462,1,0,0
1950,10615,1,"430,00",0
1951,10618,3,"200,00",0
1952,10501,1,0,0
1956,10616,1,0,0
1957,10591,1,0,0
1958,10456,1,0,0
1959,10581,1,0,0
1960,10588,1,0,0
1961,10603,1,0,0
1962,10608,1,"260,00",0
1963,10478,1,0,0
1964,10478,1,0,0
1965,10595,1,0,0
1966,10579,1,0,0
1967,10619,1,"230,00",0
1968,10622,1,"210,00",0
1969,10623,8,"50,00",0
1970,10625,1,0,0
1974,10165,1,0,0
1975,10572,1,0,0
1976,10493,1,0,0
1977,10375,1,0,0
1978,10375,1,0,0
1979,10375,1,0,0
1980,10626,1,0,0
1981,10118,1,0,0
1982,10118,1,0,0
1986,10627,5,"360,00",0
1987,10628,1,"280,00",0
1988,10629,1,0,0
1989,10599,1,0,0
1990,10624,1,0,0
1991,10542,1,0,0
1994,10555,1,0,0
1995,10600,1,0,0
1997,10504,1,0,0
1998,10530,1,0,0
1999,10568,1,0,0
2000,10531,1,0,0
2001,10566,1,0,0
2002,10497,1,0,0
2003,10423,1,0,0
2004,10631,1,"470,00",0
2005,10633,3,"100,00",0
2006,10621,1,"60,00",0
2007,10632,1,0,0
2008,10606,1,0,0
2009,10570,1,0,0
2020,10634,1,0,0
2025,10629,1,0,0
2026,10616,1,0,0
2027,10214,1,0,0
2028,10625,1,0,0
2029,10511,1,0,0
2030,10412,1,0,0
2031,10559,1,0,0
2032,10452,1,0,0
2033,10463,1,0,0
2034,10591,1,0,0
2037,10636,1,"290,00",0
2042,10599,1,0,0
2043,10572,1,0,0
2044,10581,1,0,0
2045,10516,1,0,0
2046,10577,1,0,0
2047,10577,1,0,0
2048,10626,1,0,0
2049,10604,1,0,0
2050,10535,1,0,0
2051,10595,1,0,0
2052,10624,1,0,0
2053,10592,1,0,0
2054,10592,1,0,0
2055,10504,1,0,0
2059,10637,6,"160,00",0
2060,10638,1,"430,00",0
2061,10639,5,"170,00",0
2062,10641,1,0,0
2063,10642,1,"260,00",0
2064,10643,1,"440,00",0
2065,10644,6,"160,00",0
2067,10647,1,"280,00",0
2068,10648,1,"460,00",0
2070,10650,1,"50,00",0
2076,10655,1,0,0
2083,10614,1,0,0
2084,10614,1,0,0
2085,10450,1,0,0
2086,10450,1,0,0
2087,10652,1,"140,00",0
2088,10653,3,0,0
2090,10657,1,0,0
2091,10658,1,"80,00",0
2092,10635,1,0,0
2093,10667,1,0,0
2096,10659,1,0,0
2097,10660,1,0,0
2101,10606,1,0,0
2102,10566,1,0,0
2103,10634,1,0,0
2104,10568,1,0,0
2105,10531,1,0,0
2106,10612,1,0,0
2107,10504,1,0,0
2108,10646,1,0,0
2109,10588,1,0,0
2110,10588,1,0,0
2111,10626,1,0,0
2112,10616,1,0,0
2113,10649,1,0,0
2114,10595,1,0,0
2115,10606,1,0,0
2116,10629,1,0,0
2117,10673,6,"100,00",0
2120,10661,4,"250,00",0
2121,10663,4,"50,00",0
2122,10664,3,"100,00",0
2123,10665,6,"60,00",0
2124,10666,2,"250,00",0
2125,10668,1,0,0
2126,10669,1,"200,01",0
2127,10674,1,0,0
2128,10677,1,"140,00",0
2129,10680,6,"270,00",0
2130,10682,6,0,0
2144,10599,1,0,0
2154,10423,1,0,0
2155,10616,1,0,0
2156,10616,1,0,0
2157,10629,1,0,0
2158,10645,1,0,0
2159,10662,1,0,0
2160,10662,1,0,0
2161,10469,1,0,0
2162,10625,1,0,0
2163,10625,1,0,0
2164,10570,1,0,0
2165,10570,1,0,0
2166,10626,1,0,0
2167,10634,1,0,0
2168,10667,1,0,0
2169,10614,1,0,0
2170,10572,1,0,0
2171,10572,1,0,0
2172,10672,1,0,0
2173,10646,1,0,0
2174,10649,1,0,0
2175,10040,1,0,0
2176,10040,1,0,0
2177,10571,1,0,0
2178,10441,1,0,0
2179,10579,1,0,0
2180,10660,1,0,0
2181,10659,1,0,0
2182,10595,1,0,0
2183,10624,1,0,0
2184,10641,1,0,0
2185,10519,1,0,0
2186,10519,1,0,0
2187,10519,1,0,0
2188,10519,1,0,0
2189,10606,1,0,0
2190,10640,1,0,0
2191,10581,1,0,0
2192,10581,1,0,0
2193,10042,1,0,"14,00"
2194,10042,1,0,"14,00"
2195,10604,1,0,0
2196,10594,1,0,0
2197,10594,1,0,0
2198,10678,1,"150,01",0
2199,10676,1,"200,00",0
2200,10681,1,"0,01",0
2201,10679,1,0,0
2202,10587,1,0,0
2203,10441,1,0,0
2204,10439,1,0,0
2205,10439,1,0,0
2206,10599,1,0,0
2209,10683,5,0,0
2210,10685,5,"310,00",0
2216,10635,1,0,0
2217,10635,1,0,0
2218,10686,6,"50,00",0
2219,10679,1,0,0
2220,10679,1,0,0
2221,10679,1,0,0
2222,10679,1,0,0
2223,10679,1,0,0
2224,10687,1,0,0
2225,10688,1,0,0
2226,10689,1,0,0
2227,10690,5,"200,00",0
2228,10692,1,"250,00",0
2230,10634,1,0,0
2231,10612,1,0,0
2232,10612,1,0,0
2233,10614,1,0,0
2236,10693,6,"0,01",0
2237,10695,1,"270,00",0
2238,10696,2,"210,00",0
2240,10700,1,0,0
2245,10684,2,0,0
2246,10701,1,0,0
2247,10702,1,0,0
2248,10703,5,"220,00",0
2249,10704,6,"70,00",0
2250,10705,1,0,0
2251,10707,1,0,0
2252,10446,1,0,0
2253,10710,1,0,0
2257,10595,1,0,0
2258,10646,1,0,0
2259,10641,1,0,0
2260,10660,1,0,0
2261,10655,1,0,0
2262,10655,1,0,0
2263,10624,1,0,0
2264,10163,1,0,0
2265,10606,1,0,0
2266,10629,1,0,0
2267,10659,1,0,0
2268,10659,1,0,0
2269,10626,1,0,0
2270,10640,1,0,0
2271,10640,1,0,0
2273,10649,1,0,0
2274,10691,1,0,0
2280,10670,1,0,0
2281,10645,1,0,0
2282,10713,1,"30,00",0
2283,10714,1,"510,00",0
2286,10660,1,0,0
2289,10634,1,0,0
2290,10706,1,0,0
2291,10698,1,0,0
2292,10613,1,0,0
2293,10697,1,0,0
2295,10412,1,0,0
2296,10659,1,0,0
2297,10718,4,"290,00",0
2298,10719,3,0,0
2300,10721,1,0,0
2301,10722,6,"250,00",0
2305,10599,1,0,0
2306,10716,1,"779,99",0
2307,10709,1,0,0
2308,10708,1,0,0
2309,10711,1,0,0
2310,10712,1,0,0
2311,10654,1,0,0
2312,10715,1,0,0
2317,10626,1,0,0
2318,10723,1,0,0
2319,10724,1,"210,00",0
2320,10725,5,"200,00",0
2321,10726,6,"170,00",0
2322,10727,1,0,0
2324,10691,1,0,0
2325,10463,1,0,0
2326,10662,1,0,0
2327,10624,1,0,0
2328,10629,1,0,0
2329,10712,1,0,0
2330,10646,1,0,0
2331,10604,1,0,0
2332,10617,1,0,"10,00"
2333,10617,1,0,"10,00"
2334,10617,1,0,"5,00"
2335,10412,1,0,0
2336,10412,1,0,0
2337,10641,1,0,0
2338,10655,1,0,0
2339,10571,1,0,0
2340,10579,1,0,0
2341,10675,1,0,0
2342,10612,1,0,0
2343,10612,1,0,0
2344,10707,1,0,0
2345,10667,1,0,0
2352,10592,1,0,0
2353,10592,1,0,0
2355,10728,4,"220,00",0
2356,10729,2,0,0
2357,10730,1,"450,00",0
2358,10731,1,"125,00",0
2359,10733,6,"220,00",0
2361,10734,1,0,0
2363,10735,1,0,0
2364,10660,1,0,0
2365,10734,1,0,0
2366,10668,1,0,0
2367,10668,1,0,0
2368,10705,1,0,0
2369,10705,1,0,0
2370,10706,1,0,0
2371,10649,1,0,0
2372,10645,1,0,0
2373,10670,1,0,0
2374,10697,1,0,0
2375,10671,1,0,0
2376,10671,1,0,0
2377,10671,1,0,0
2378,10614,1,0,0
2379,10613,1,0,0
2380,10655,1,0,0
2381,10675,1,0,0
2382,10616,1,0,0
2383,10614,1,0,0
2384,10654,1,0,0
2388,10736,6,"205,00",0
2389,10738,1,0,0
2390,10739,1,0,0
2391,10659,1,0,0
2392,10412,1,0,0
2393,10412,1,0,0
2394,10498,1,0,0
2402,10744,1,"280,00",0
2403,10745,1,0,0
2405,10667,1,0,0
2406,10707,1,0,0
2407,10715,1,0,0
2408,10711,1,0,0
2409,10646,1,0,0
2410,10478,1,0,0
2411,10516,1,0,0
2412,10516,1,0,0
2413,10516,1,0,0
2414,10670,1,0,0
2415,10634,1,0,0
2416,10705,1,0,0
2418,10737,1,0,0
2419,10712,1,0,0
2420,10709,1,0,0
2421,10732,1,0,0
2422,10697,1,0,0
2432,10740,1,0,0
2433,10523,1,0,0
2434,10523,1,0,0
2435,10649,1,0,0
2436,10706,1,0,0
2437,10579,1,0,0
2438,10571,1,0,0
2439,10645,1,0,0
2440,10691,1,0,0
2441,10641,1,0,0
2442,10746,3,"200,00",0
2443,10747,1,"100,00",0
2444,10748,6,"135,00",0
2445,10749,1,0,0
2446,10750,3,0,0
2447,10751,5,"10,00",0
2448,10752,6,"260,00",0
2449,10754,10,"170,00",0
2450,10755,5,"190,00",0
2451,10758,2,"430,00",0
2452,10759,1,"213,00",0
2453,10760,1,0,0
2454,10698,1,0,0
2455,10698,1,0,0
2456,10688,1,0,0
2457,10675,1,0,0
2458,10743,1,0,0
2459,10741,1,0,0
2460,10734,1,0,0
2464,10756,5,"130,00",0
2465,10717,1,0,0
2466,10717,1,0,0
2467,10735,1,0,0
2468,10613,1,0,0
2469,10711,1,0,0
2474,10761,1,0,0
2482,10762,1,"100,00",0
2486,10763,4,"170,00",0
2487,10766,1,"1233,99",0
2488,10767,3,0,0
2489,10165,1,0,0
2490,10165,1,0,0
2491,10708,1,0,0
2492,10640,1,0,0
2493,10143,1,0,0
2494,10143,1,0,0
2495,10143,1,0,0
2496,10591,1,0,0
2497,10591,1,0,0
2498,10715,1,0,0
2499,10698,1,0,0
2500,10711,1,0,0
2501,10645,1,0,0
2502,10753,1,0,0
2503,10727,1,0,0
2504,10727,1,0,0
2505,10709,1,0,0
2506,10691,1,0,0
2507,10757,1,0,0
2508,10670,1,0,0
2509,10742,1,0,0
2510,10737,1,0,0
2511,10737,1,0,0
2512,10649,1,0,0
2513,10439,1,0,0
2514,10739,1,0,0
2515,10745,1,0,0
2516,10738,1,0,0
2517,10646,1,0,0
2518,10660,1,0,0
2519,10707,1,0,0
2520,10498,1,0,0
2530,10439,1,0,0
2531,10768,1,0,0
2532,10764,4,"0,01",0
2533,10780,1,0,0
2534,10741,1,0,0
2535,10697,1,0,0
2536,10732,1,0,0
2537,10742,1,0,0
2538,10717,1,0,0
2539,10771,1,0,0
2540,10771,1,0,0
2541,10745,1,0,0
2542,10715,1,0,0
2543,10706,1,0,0
2544,10723,1,0,0
2545,10723,1,0,0
2546,10694,1,0,0
2547,10765,1,0,0
2548,10769,1,0,0
2549,10743,1,0,0
2550,10776,8,"102,00",0
2551,10757,1,0,0
2552,10571,1,0,0
2553,10579,1,0,0
2554,10675,1,0,0
2555,10735,1,0,0
2556,10770,1,0,0
2569,10772,6,"150,00",0
2570,10773,1,0,0
2571,10775,1,"100,00",0
2572,10777,6,"80,00",0
2573,10779,1,"0,00",0
2574,10781,1,"200,00",0
2577,10738,1,0,0
2578,10738,1,0,0
2579,10670,1,0,0
2585,10786,1,0,0
2590,10778,1,"1582,00",0
2591,10785,1,"607,00",0
2592,10787,1,"180,00",0
2593,10782,3,0,0
2594,10788,4,"90,00",0
2595,10672,1,0,0
2596,10672,1,0,0
2597,10672,1,0,0
2598,10672,1,0,0
2599,10702,1,0,0
2600,10613,1,0,0
2601,10789,3,0,0
2602,10790,1,"160,00",0
2603,10044,1,0,0
2604,10044,1,0,0
2605,10791,1,0,0
2607,10745,1,0,0
2608,10706,1,0,0
2609,10783,1,0,0
2610,10118,1,0,0
2611,10691,1,0,0
2612,10770,1,0,0
2613,10741,1,0,0
2614,10735,1,0,0
2615,10694,1,0,0
2616,10698,1,0,0
2617,10711,1,0,0
2618,10780,1,0,0
2619,10765,1,0,0
2620,10611,1,0,0
2621,10498,1,0,0
2622,10498,1,0,0
2623,10323,1,0,0
2624,10717,1,0,0
2625,10771,1,0,0
2636,10794,1,0,0
2637,10795,5,"110,00",0
2638,10792,1,0,0
2639,10796,1,0,0
2640,10797,4,0,0
2641,10798,5,"210,00",0
2643,10796,1,0,0
2644,10757,1,0,0
2645,10793,1,0,0
2646,10799,1,"100,00",0
2647,10800,2,"140,00",0
2648,10801,1,"100,00",0
2649,10802,6,"10,00",0
2650,10803,6,"74,00",0
2651,10804,1,0,0
2652,10806,1,0,0
2653,10807,1,"111,00",0
2654,10808,3,0,0
2656,10739,1,0,0
2657,10784,1,0,0
2658,10604,1,0,0
2659,10604,1,0,0
2660,10604,1,0,0
2661,10809,10,"200,00",0
2662,10805,1,0,0
2663,10670,1,0,0
2664,10671,1,0,0
2665,10745,1,0,0
2667,10737,1,0,0
2671,10792,1,0,0
2672,10792,1,0,0
2673,10814,3,0,0
2674,10624,1,0,0
2678,10706,1,0,0
2679,10706,1,0,0
2680,10706,1,0,0
2681,10740,1,0,0
2682,10740,1,0,0
2683,10740,1,0,0
2684,10668,1,0,0
2685,10668,1,0,0
2686,10783,1,0,0
2687,10709,1,0,0
2688,10770,1,0,0
2689,10810,1,0,0
2690,10812,1,0,0
2691,10817,6,"280,00",0
2692,10815,1,0,0
2693,10819,2,"50,00",0
2694,10820,1,0,0
2695,10821,1,"80,00",0
2696,10822,1,"649,99",0
2697,10823,6,"94,00",0
2698,10824,2,"20,00",0
2699,10825,1,"140,00",0
2700,10827,1,0,0
2701,10723,1,0,0
2702,10786,1,0,0
2707,10813,1,0,0
2708,10813,1,0,0
2709,10813,1,0,0
2711,10742,1,0,0
2712,10613,1,0,0
2713,10796,1,0,0
2715,10818,1,0,0
2722,10780,1,0,0
2723,10765,1,0,0
2724,10694,1,0,0
2725,10715,1,0,0
2726,10611,1,0,0
2727,10611,1,0,0
2728,10771,1,0,0
2729,10784,1,0,0
2730,10816,1,0,0
2731,10820,1,0,0
2739,10466,1,0,0
2740,10466,1,0,0
2742,10836,1,0,0
2743,10828,1,0,0
2744,10830,6,"90,00",0
2745,10831,1,"519,99",0
2746,10832,1,0,0
2747,10834,1,"100,00",0
2748,10835,3,"100,00",0
2752,10838,1,"100,00",0
2753,10840,1,"360,00",0
2754,10841,1,"320,00",0
2755,10843,6,"270,00",0
2756,10844,1,"150,00",0
2759,10740,1,0,0
2760,10482,1,0,0
2761,10769,1,0,0
2762,10770,1,0,0
2763,10723,1,0,0
2764,10786,1,0,0
2765,10723,1,0,0
2766,10815,1,0,0
2767,10738,1,0,0
2768,10806,1,0,0
2769,10826,1,0,0
2770,10792,1,0,0
2771,10688,1,0,0
2772,10688,1,0,0
2773,10688,1,0,0
2774,10811,1,0,0
2775,10742,1,0,0
2776,10793,1,0,0
2777,10735,1,0,0
2778,10804,1,0,0
2779,10757,1,0,0
2780,10769,1,0,0
2781,10769,1,0,0
2786,10845,1,0,0
2787,10846,1,"230,00",0
2788,10847,5,"160,00",0
2789,10848,1,"10,00",0
2790,10849,10,"90,00",0
2794,10850,1,"70,00",0
2795,10851,1,0,0
2796,10051,1,0,0
2797,10579,1,0,0
2798,10792,1,0,0
2799,10842,1,0,0
2800,10837,1,0,0
2801,10757,1,0,0
2802,10804,1,0,0
2803,10793,1,0,0
2804,10832,1,0,0
2805,10836,1,0,0
2806,10820,1,0,0
2807,10839,1,0,0
2808,10715,1,0,0
2809,10694,1,0,0
2810,10611,1,0,0
2811,10771,1,0,0
2812,10765,1,0,0
2813,10796,1,0,0
2814,10727,1,0,0
2815,10727,1,0,0
2816,10727,1,0,0
2817,10668,1,0,0
2818,10668,1,0,0
2825,10709,1,0,0
2826,10697,1,0,0
2827,10732,1,0,0
2828,10737,1,0,0
2829,10780,1,0,0
2830,10811,1,0,0
2831,10805,1,0,0
2832,10641,1,0,0
2833,10518,1,0,0
2834,10518,1,0,0
2835,10518,1,0,0
2836,10518,1,0,0
2837,10518,1,0,0
2838,10620,1,0,0
2839,10620,1,0,0
2840,10537,1,0,0
2841,10620,1,0,0
2842,10537,1,0,0
2843,10735,1,0,0
2846,10853,3,"510,00",0
2847,10855,6,"180,00",0
2848,10856,1,0,0
2849,10859,4,"120,00",0
2850,10861,6,"115,00",0
2852,10694,1,0,0
2853,10780,1,0,0
2854,10812,1,0,0
2855,10812,1,0,0
2856,10771,1,0,0
2857,10833,1,0,0
2858,10611,1,0,0
2859,10611,1,0,0
2860,10769,1,0,0
2861,10815,1,0,0
2862,10826,1,0,0
2863,10866,1,"420,00",0
2864,10860,1,0,0
2865,10857,1,0,0
2866,10858,1,0,0
2867,10851,1,0,0
2868,10852,1,0,0
2881,10867,6,"32,00",0
2882,10868,1,"100,00",0
2883,10870,3,"25,00",0
2887,10833,1,0,0
2888,10833,1,0,0
2889,10833,1,0,0
2890,10833,1,0,0
2891,10869,1,0,0
2894,10839,1,0,0
2895,10862,1,0,0
2896,10732,1,0,0
2897,10732,1,0,0
2898,10796,1,0,0
2899,10805,1,0,0
2900,10811,1,0,0
2901,10793,1,0,0
2902,10858,1,0,0
2903,10816,1,0,0
2904,10837,1,0,0
2905,10765,1,0,0
2906,10732,1,0,0
2907,10697,1,0,0
2908,10796,1,0,0
2909,10845,1,0,0
2910,10836,1,0,0
2911,10820,1,0,0
2912,10832,1,0,0
2913,10757,1,0,0
2914,10804,1,0,0
2915,10792,1,0,0
2916,10717,1,0,0
2917,10811,1,0,0
2918,10852,1,0,0
2919,10815,1,0,0
2920,10860,1,0,0
2921,10845,1,0,0
2922,10869,1,0,0
2923,10865,1,0,0
2924,10826,1,0,0
2930,10836,1,0,0
2931,10832,1,0,0
2932,10793,1,0,0
2933,10784,1,0,0
2934,10784,1,0,0
2935,10784,1,0,0
2936,10804,1,0,0
2937,10820,1,0,0
2938,10871,6,"170,00",0
2939,10872,4,"150,00",0
2940,10876,4,"60,00",0
2944,10878,6,"85,00",0
2945,10879,6,"140,00",0
2946,10881,6,"54,00",0
2947,10882,1,"200,00",0
2948,10883,1,"160,00",0
2949,10877,1,0,0
2950,10885,1,"10,00",0
2952,10887,3,0,0
2953,10888,1,0,0
2954,10889,1,"140,00",0
2955,10890,4,"50,00",0
2956,10891,1,"220,00",0
2957,10893,1,"40,00",0
2958,10897,1,"90,00",0
2961,10898,1,"220,00",0
2962,10466,1,0,0
2963,10902,6,"150,00",0
2964,10903,6,"270,00",0
2967,10810,1,0,0
2968,10880,1,0,0
2969,10742,1,0,0
2970,10742,1,0,0
2971,10742,1,0,0
2972,10842,1,0,0
2974,10904,1,"120,00",0
2975,10906,1,"10,00",0
2976,10901,1,0,0
2977,10845,1,0,0
2978,10860,1,0,0
2982,10873,1,0,0
2983,10900,1,0,0
2984,10886,1,0,0
2985,10896,1,0,0
2986,10908,1,0,0
2987,10869,1,0,0
2988,10865,1,0,0
2989,10874,1,0,0
2991,10852,1,0,0
2994,10895,1,0,0
2995,10826,1,0,0
2996,10784,1,0,0
2997,10857,1,0,0
2998,10854,1,0,0
2999,10839,1,0,0
3008,10894,2,"230,00",0
3009,10899,1,"170,00",0
3010,10571,1,0,0
3011,10864,1,0,0
3012,10815,1,0,0
3013,10836,1,0,0
3014,10836,1,0,0
3015,10804,1,0,0
3016,10880,1,0,0
3017,10452,1,0,0
3018,10452,1,0,0
3022,10916,1,0,0
3025,10753,1,0,0
3026,10753,1,0,0
3027,10765,1,0,0
3028,10837,1,0,0
3029,10873,1,0,0
3030,10832,1,0,0
3031,10907,1,0,0
3032,10793,1,0,0
3033,10820,1,0,0
3034,10816,1,0,0
3038,10865,1,0,0
3039,10875,1,0,0
3040,10869,1,0,0
3041,10895,1,0,0
3042,10811,1,0,0
3043,10811,1,0,0
3044,10805,1,0,0
3045,10886,1,0,0
3046,10909,10,"2574,00",0
3047,10911,1,0,0
3048,10912,1,0,0
3049,10913,10,"260,00",0
3050,10914,1,0,0
3051,10915,6,"260,00",0
3052,10918,10,"1100,00",0
3053,10919,2,0,0
3054,10921,2,"120,00",0
3055,10917,1,0,0
3058,10910,1,0,0
3059,10901,1,0,0
3063,10860,1,0,0
3064,10845,1,0,0
3065,10880,1,0,0
3066,10862,1,0,0
3070,10877,1,0,0
3074,10839,1,0,0
3075,10884,1,0,0
3076,10884,1,0,0
3077,10922,1,0,0
3078,10854,1,0,0
3082,10901,1,0,0
3083,10880,1,0,0
3084,10911,1,0,0
3085,10886,1,0,0
3086,10816,1,0,0
3087,10816,1,0,0
3088,10786,1,0,0
3089,10924,1,0,0
3090,10927,1,0,0
3096,10858,1,0,0
3097,10858,1,0,0
3098,10858,1,0,0
3099,10858,1,0,0
3100,10900,1,0,0
3101,10900,1,0,0
3102,10860,1,0,0
3103,10932,1,0,0
3104,10930,1,"1039,99",0
3105,10925,1,0,0
3106,10925,1,0,0
3107,10926,1,"70,00",0
3108,10928,1,0,0
3109,10933,1,"150,00",0
3110,10934,10,"26,00",0
3111,10910,1,0,0
3115,10935,1,0,0
3116,10895,1,0,0
3117,10895,1,0,0
3118,10869,1,0,0
3119,10869,1,0,0
3120,10901,1,0,0
3121,10901,1,0,0
3122,10911,1,0,0
3123,10928,1,0,0
3124,10816,1,0,0
3125,10873,1,0,0
3126,10873,1,0,0
3127,10857,1,0,0
3128,10877,1,0,0
3129,10877,1,0,0
3130,10860,1,0,0
3131,10932,1,0,0
3132,10875,1,0,0
3133,10875,1,0,0
3134,10880,1,0,0
3135,10923,1,0,0
3136,10865,1,0,0
3137,10709,1,0,0
3138,10937,4,0,0
3139,10938,1,"150,00",0
3140,10939,1,0,0
3143,10916,1,0,0
3158,10929,8,"90,00",0
3159,10935,1,0,0
3160,10911,1,0,0
3161,10925,1,0,0
3162,10439,1,0,0
3163,10439,1,0,0
3164,10928,1,0,0
3165,10932,1,0,0
3166,10931,1,0,0
3167,10916,1,0,0
3168,10895,1,0,0
3169,10874,1,0,0
3170,10501,1,0,0
3171,10501,1,0,0
3172,10925,1,0,0
3173,10923,1,0,0
3174,10865,1,0,0
3175,10880,1,0,0
3176,10717,1,0,0
3177,10940,3,"50,00",0
3178,10942,1,"620,02",0
3179,10943,5,"486,00",0
3189,10944,1,0,0
3190,10946,1,0,0
3191,10947,1,0,0
3192,10948,1,0,0
3193,10949,1,"225,00",0
3194,10951,4,"640,00",0
3195,10952,1,"200,00",0
3196,10953,1,0,0
3197,10954,6,"110,00",0
3198,10956,1,"60,00",0
3199,10941,1,0,0
3200,10936,1,0,0
3201,10874,1,0,0
3202,10935,1,0,0
3203,10880,1,0,0
3204,10901,1,0,0
3205,10931,1,0,0
3206,10865,1,0,0
3209,10945,1,0,0
3210,10950,1,0,0
3211,10877,1,0,0
3212,10875,1,0,0
3213,10960,1,0,0
3214,10960,1,0,0
3215,10977,10,"10,00",0
3216,10963,10,"822,00",0
3218,10962,2,"400,00",0
3219,10964,6,"150,00",0
3220,10966,1,0,0
3221,10965,3,"160,00",0
3222,10969,10,"605,00",0
3223,10974,7,"1160,00",0
3224,10973,5,"1700,00",0
3225,10971,1,"20,00",0
3226,10978,3,"110,00",0
3227,10979,1,"130,00",0
3228,10980,4,"200,00",0
3229,10975,1,0,0
3230,10895,1,0,0
3231,10981,1,"265,00",0
3232,10970,1,0,0
3233,10983,1,0,0
3234,10985,10,0,0
3235,10986,1,"180,00",0
3236,10955,1,"172,00",0
3237,10989,5,"140,00",0
3238,10990,8,"40,00",0
3239,10992,1,"30,00",0
3240,10995,1,"110,01",0
3241,10996,1,"90,01",0
3242,10905,1,0,0
3243,10839,1,0,0
3244,10967,1,0,0
3263,10900,1,0,0
3264,10884,1,0,0
3265,10916,1,0,0
3266,10945,1,0,0
3267,10932,1,0,0
3268,10932,1,0,0
3269,10935,1,0,0
3270,10988,1,0,0
3271,10863,1,0,0
3272,10983,1,0,0
3273,10994,1,0,0
3274,10880,1,0,0
3275,11002,1,0,0
3276,10993,1,"490,00",0
3277,10997,12,"630,00",0
3278,10998,5,"510,00",0
3279,10999,1,0,0
3280,11000,4,0,0
3281,11001,1,0,0
3282,11003,1,"180,00",0
3283,11004,10,"190,00",0
3284,11005,1,0,0
3285,11011,1,0,0
3289,10928,1,0,0
3290,11006,1,0,0
3291,10931,1,0,0
3292,10967,1,0,0
3293,10928,1,0,0
3294,10950,1,0,0
3295,10960,1,0,0
3296,10960,1,0,0
3297,10923,1,0,0
3309,10922,1,0,0
3310,10911,1,0,0
3311,10896,1,0,0
3312,10896,1,0,0
3313,10991,1,0,0
3314,10999,1,0,0
3315,11001,1,0,0
3316,10975,1,0,0
3317,10928,1,0,0
3318,11009,1,"230,00",0
3319,11010,5,"200,00",0
3320,11007,2,"10,00",0
3321,11014,1,0,0
3322,11013,1,0,0
3336,10892,1,0,0
3337,10892,1,0,0
3338,10892,1,0,0
3339,10892,1,0,0
3340,10892,1,0,0
3341,10892,1,0,0
3342,10892,1,0,0
3343,10892,1,0,0
3344,10892,1,0,0
3345,10892,1,0,0
3346,11015,1,0,0
3347,11020,2,"70,00",0
3348,11012,3,"64,00",0
3349,11022,6,"82,00",0
3350,10874,1,0,0
3351,11014,1,0,0
3352,10987,1,0,0
3353,10941,1,0,0
3354,10941,1,0,0
3355,10818,1,0,0
3356,10863,1,0,0
3357,10935,1,0,0
3358,11037,1,0,0
3359,11038,1,0,0
3360,11016,1,0,0
3361,11008,1,0,0
3362,11017,2,"125,00",0
3363,11018,1,0,0
3364,11032,1,0,0
3365,11021,1,"140,00",0
3366,11024,1,"30,00",0
3367,11025,10,"170,00",0
3368,11026,1,"370,00",0
3369,11027,3,"130,00",0
3370,11028,1,"220,00",0
3371,11029,1,"250,00",0
3372,11030,1,"170,00",0
3373,11034,1,"150,00",0
3374,11035,6,"360,00",0
3375,11040,1,"620,00",0
3376,11041,5,"125,00",0
3377,11039,4,"380,00",0
3378,11043,4,"10,00",0
3379,11023,1,0,0
3380,11033,1,"150,00",0
3381,11047,1,"290,00",0
3382,11018,1,0,0
3383,10987,1,0,0
3384,10941,1,0,0
3385,10950,1,0,0
3386,11038,1,0,0
3387,10991,1,0,0
3388,10931,1,0,0
3389,11032,1,0,0
3390,11006,1,0,0
3391,11006,1,0,0
3392,11006,1,0,0
3393,11006,1,0,0
3394,11006,1,0,0
3395,10957,1,0,0
3396,10957,1,0,0
3397,10957,1,0,0
3398,10945,1,0,0
3399,10983,1,0,0
3400,11005,1,0,0
3401,10916,1,0,0
3402,10988,1,0,0
3403,10994,1,0,0
3404,11037,1,0,0
3442,11031,1,0,0
3443,11031,1,0,0
3444,11013,1,0,0
3445,11019,1,0,0
3446,11019,1,0,0
3447,10967,1,0,0
3448,10984,1,0,0
3449,10984,1,0,0
3450,10931,1,0,0
3451,10886,1,0,0
3452,10874,1,0,0
3453,10994,1,0,0
3454,10945,1,0,0
3455,11046,1,0,0
3456,10983,1,0,0
3457,11032,1,0,0
3458,11044,1,0,0
3459,11044,1,0,0
3460,10988,1,0,0
3461,11052,2,"50,00",0
3462,11051,4,"260,00",0
3463,11049,1,"200,00",0
3464,11048,1,0,0
3465,11001,1,0,0
3466,10873,1,0,0
3467,10873,1,0,0
3468,10864,1,0,0
3469,10960,1,0,0
3470,11036,1,0,0
3471,10877,1,0,0
3472,10932,1,0,0
3473,10932,1,0,0
3474,11037,1,0,0
3475,10972,1,0,0
3476,10972,1,0,0
3477,10936,1,0,0
3478,11048,1,0,0
3479,11014,1,0,0
3480,10957,1,0,0
3481,10108,1,0,"100,00"
3482,11001,1,0,0
3483,11005,1,0,0
3484,10922,1,0,0
3485,10991,1,0,0
3486,11038,1,0,0
3487,11018,1,0,0
3488,10941,1,0,0
3489,10987,1,0,0
3490,10975,1,0,0
3491,10975,1,0,0
3492,11054,1,0,0
3493,11054,1,0,0
3494,11055,8,"30,00",0
3495,11056,1,"372,00",0
3496,11057,1,"200,00",0
3497,11059,10,"500,00",0
3498,11060,1,0,0
3499,11062,2,"272,00",0
3522,11023,1,0,0
3524,10945,1,0,0
3525,10983,1,0,0
3526,10857,1,0,0
3527,10857,1,0,0
3532,11053,1,0,0
3533,10874,1,0,0
3534,11008,1,0,0
3535,11008,1,0,0
3536,10994,1,0,0
3537,10699,1,0,0
3538,10699,1,0,0
3539,10931,1,0,0
3541,11046,1,0,0
3542,10932,1,0,0
3543,11037,1,0,0
3544,11058,1,0,0
3545,11058,1,0,0
3554,11048,1,0,0
3555,11036,1,0,0
3556,11032,1,0,0
3557,10988,1,0,0
3558,10960,1,0,0
3559,11014,1,0,0
3560,11053,1,0,0
3561,11054,1,0,0
3562,11065,1,"100,00",0
3563,11066,3,"150,00",0
3564,11067,1,"50,01",0
3565,11070,3,"210,00",0
3566,11072,1,"240,00",0
3567,11075,1,"250,00",0
3568,11076,1,"140,00",0
3569,11078,10,"226,00",0
3570,11080,10,"240,00",0
3571,11081,3,"260,00",0
3572,11082,1,"80,00",0
3573,11083,6,"140,00",0
3574,11084,4,"230,00",0
3575,10975,1,0,0
3578,11001,1,0,0
3579,11085,3,"50,00",0
3580,11086,1,"150,00",0
3581,11087,10,"190,00",0
3582,11063,1,0,0
3583,11069,1,0,0
3584,11068,1,0,0
3585,10967,1,0,0
3586,11088,1,0,0
3593,10941,1,0,0
3594,10987,1,0,0
3595,10884,1,0,0
3596,10739,1,0,0
3597,10739,1,0,0
3599,11095,1,0,0
3600,11063,1,0,0
3601,11071,10,"742,00",0
3602,11073,1,0,0
3603,11073,1,0,0
3604,11079,1,0,0
3605,11109,2,"50,00",0
3606,11107,2,"300,00",0
3607,11106,1,"250,00",0
3608,11103,1,"90,00",0
3609,11102,1,"170,00",0
3610,11101,4,"260,00",0
3611,11100,6,"260,00",0
3612,11099,1,"280,00",0
3613,11097,4,"120,00",0
3614,11096,5,"72,00",0
3615,11092,3,"50,00",0
3616,11091,1,"50,00",0
3618,11108,6,"310,10",0
3619,11044,1,0,0
3620,11048,1,0,0
3621,10905,1,0,0
3622,10983,1,0,0
3623,11069,1,0,0
3624,11110,1,0,0
3625,10900,1,0,0
3626,10886,1,0,0
3627,10994,1,0,0
3628,10945,1,0,0
3629,11110,1,0,0
3630,11023,1,0,0
3631,11061,1,0,0
3632,11088,1,0,0
3633,10452,1,0,0
3640,11114,10,"30,00",0
3641,10907,1,0,0
3642,11032,1,0,0
3643,11090,1,0,0
3644,11037,1,0,0
3645,11116,1,0,0
3646,11019,1,0,0
3647,11019,1,0,0
3648,10988,1,0,0
3649,11112,6,"400,00",0
3650,11093,1,0,0
3651,11094,1,"270,00",0
3652,11064,1,0,0
3653,11064,1,0,0
3654,11111,1,0,0
3655,11115,4,"74,00",0
3656,11118,1,"10,00",0
3657,11038,1,0,0
3658,11053,1,0,0
3659,11014,1,0,0
3665,10671,1,0,0
3666,10671,1,0,0
3667,10991,1,0,0
3668,10991,1,0,0
3669,11123,1,0,0
3670,10987,1,0,0
3671,11079,1,0,0
3672,11079,1,0,0
3673,10936,1,0,0
3674,10936,1,0,0
3675,10936,1,0,0
3676,10936,1,0,0
3677,11016,1,0,0
3678,11016,1,0,0
3679,11073,1,0,0
3680,11120,3,"100,00",0
3681,11121,2,"140,00",0
3687,11124,6,"276,00",0
3688,11125,1,"210,00",0
3689,11127,1,"350,00",0
3690,11128,1,"180,00",0
3691,11129,1,"200,00",0
3692,11130,1,0,0
3693,10994,1,0,0
3694,11095,1,0,0
3699,11132,1,"200,00",0
3700,11063,1,0,0
3701,10983,1,0,0
3702,11117,1,"510,00",0
3703,11135,1,"210,00",0
3704,11136,1,"360,00",0
3705,11038,1,0,0
3706,10922,1,0,0
3707,11069,1,0,0
3708,11131,1,0,0
3709,10864,1,0,0
3710,10988,1,0,0
3711,11088,1,0,0
3712,11110,1,0,0
3714,10854,1,0,0
3715,10854,1,0,0
3716,11122,1,0,0
3717,11126,1,0,0
3718,11126,1,0,0
3719,11023,1,0,0
3720,11063,1,0,0
3721,11061,1,0,0
3722,11061,1,0,0
3723,11037,1,0,0
3724,11032,1,0,0
3725,11014,1,0,0
3726,11090,1,0,0
3727,11077,1,0,0
3728,11077,1,0,0
3729,11119,1,0,0
3730,11133,1,"252,00",0
3731,11134,1,0,0
3732,11137,1,"100,00",0
3733,11138,2,"536,00",0
3734,11143,1,0,0
3735,11144,1,0,0
3736,11142,1,0,0
3737,10991,1,0,0
3738,11079,1,0,0
3739,11145,1,"410,00",0
3740,11146,1,0,0
3741,11148,1,0,0
3742,10983,1,0,0
3743,11073,1,0,0
3744,10975,1,0,0
3745,10975,1,0,0
3746,10905,1,0,0
3747,11095,1,0,0
3748,11053,1,0,0
3749,10987,1,0,0
3750,10923,1,0,0
3751,11139,1,0,0
3752,11149,10,"222,00",0
3753,11150,1,"120,00",0
3754,10932,1,0,0
3755,10932,1,0,0
3756,11147,1,0,0
3757,11119,1,0,0
3758,11119,1,0,0
3759,11151,1,0,0
3760,11152,3,"50,00",0
3761,11153,2,0,0
3762,11154,1,0,0
3785,11131,1,0,0
3786,11110,1,0,0
3787,11142,1,0,0
3788,11008,1,0,0
3789,11037,1,0,0
3790,11088,1,0,0
3791,11155,1,0,0
3792,11156,1,0,0
3793,11098,1,0,0
3804,11157,1,0,0
3805,11061,1,0,0
3806,11158,2,"250,00",0
3807,11159,1,0,0
3809,11160,10,"200,00",0
3813,11148,1,0,0
3814,11161,5,0,0
3815,11069,1,0,0
3816,11053,1,0,0
3817,10983,1,0,0
3818,10975,1,0,0
3819,11157,1,0,0
3820,11144,1,0,0
3821,11144,1,0,0
3822,11095,1,0,0
3823,11162,3,"90,01",0
3824,11163,1,0,0
3825,10886,1,0,0
3826,11110,1,0,0
3827,11164,4,"40,00",0
3828,11151,1,0,0
3829,11131,1,0,0
3830,11139,1,0,0
3831,11142,1,0,0
3832,11088,1,0,0
3833,11090,1,0,0
3834,11090,1,0,0
3835,11165,1,"270,00",0
3836,10922,1,0,0
3837,10922,1,0,0
3838,11042,1,0,0
3840,11166,1,0,0
3841,11166,1,0,0
3842,11167,1,0,0
3843,11167,1,0,0
3844,11126,1,0,0
3845,11126,1,0,0
3846,11168,10,"4,00",0
3847,11169,1,0,0
3858,10905,1,0,0
3859,11170,1,"100,00",0
3860,11019,1,0,0
3861,11173,1,0,0
3862,11174,3,"50,00",0
3863,11177,1,"50,00",0
3875,11179,1,0,0
3881,11172,1,0,0
3882,11095,1,0,0
3884,11042,1,0,0
3885,11073,1,0,0
3886,11148,1,0,0
3887,11159,1,0,0
3888,10523,1,0,0
3889,11140,1,0,0
3890,11140,1,0,0
3897,11182,10,"150,00",0
3898,11183,1,0,0
3901,11171,1,0,0
3902,11119,1,0,0
3903,11139,1,0,0
3904,11063,1,0,"20,00"
3905,11088,1,0,0
3906,11141,1,0,0
3907,11141,1,0,0
3908,11141,1,0,0
3909,11141,1,0,0
3910,11089,1,0,0
3911,11157,1,0,0
3912,11175,1,0,0
3913,11131,1,0,0
3914,11151,1,0,0
3915,11147,1,0,0
3916,10905,1,0,0
3919,11178,6,"340,00",0
3920,11180,1,0,0
3921,11142,1,0,0
3922,10975,1,0,0
3923,11184,1,"50,00",0
3924,11186,1,0,0
3925,11147,1,0,0
3926,11147,1,0,0
3927,11147,1,0,0
3928,11189,1,0,0
3929,11190,1,0,0
3930,11148,1,0,0
3931,10976,1,0,0
3932,10976,1,0,0
3933,11019,1,0,0
3934,11166,1,0,0
3935,11172,1,0,0
3936,11176,1,0,0
3937,11181,1,"260,00",0
3938,11187,1,"200,00",0
3939,11188,3,"250,00",0
3940,11089,1,0,0
3954,11119,1,0,0
3955,11042,1,0,0
3956,11042,1,0,0
3961,11180,1,0,0
3962,11191,1,0,0
3963,11192,1,"150,00",0
3965,11195,5,0,0
3966,10097,1,0,0
3967,11175,1,0,0
3968,11069,1,0,0
3969,11157,1,0,0
3970,11061,1,0,0
3971,11061,1,0,0
3972,11193,1,0,0
3973,11139,1,0,0
3974,11111,1,0,0
3975,11016,1,0,0
3976,11016,1,0,0
3977,11194,1,0,0
3978,11185,1,0,0
3979,11088,1,0,0
3980,10857,1,0,0
3981,11200,1,0,0
3982,11197,1,"40,00",0
3983,11196,1,"70,00",0
3984,11198,5,"320,00",0
3985,11201,1,0,0
3986,11202,1,0,0
3987,11089,1,0,0
3988,11089,1,0,0
3989,11036,1,0,0
3990,11036,1,0,0
3991,11042,1,0,0
3992,11142,1,0,0
3993,11167,1,0,0
3994,11176,1,0,0
3995,11148,1,0,0
3996,11073,1,0,0
3997,11180,1,0,0
3999,11194,1,0,0
4000,11172,1,0,0
4001,11200,1,0,0
4018,11069,1,0,0
4021,11098,1,0,0
4022,11204,1,0,0
4023,11157,1,0,0
4024,11171,1,0,0
4025,11171,1,0,0
4026,11088,1,0,0
4027,11175,1,0,0
4028,10905,1,0,0
4029,11209,1,0,0
4030,11167,1,0,0
4031,11104,1,0,0
4032,11104,1,0,0
4033,11131,1,0,0
4034,11173,1,0,0
4035,10916,1,0,0
4036,11159,1,0,0
4037,11159,1,0,0
4038,10864,1,0,0
4039,10864,1,0,0
4040,11185,1,0,0
4041,11185,1,0,0
4042,11126,1,0,0
4043,11210,1,0,0
4044,11205,1,0,0
4045,11205,1,0,0
4046,11206,1,"100,00",0
4047,11199,1,"330,00",0
4048,11036,1,0,0
4050,11207,10,"380,00",0
4051,11193,1,0,0
4052,11212,1,0,0
4054,11213,1,"40,00",0
4055,11200,1,0,0
4056,11104,1,0,0
4057,11104,1,0,0
4058,11211,4,"150,00",0
4059,11215,1,0,0
4060,11216,1,"140,00",0
4061,11194,1,0,0
4062,11172,1,0,0
4063,11218,1,"20,00",0
4064,11219,1,"410,00",0
4065,11220,1,0,0
4066,11221,3,0,0
4067,11222,1,0,0
4068,11223,1,"30,00",0
4069,11224,6,"280,00",0
4070,11225,1,0,0
4071,11226,1,0,0
4072,11227,6,"280,00",0
4073,11228,1,"150,00",0
4074,11230,1,"330,00",0
4075,11231,5,"0,01",0
4076,11232,1,0,0
4077,11233,1,0,0
4078,11180,1,0,0
4079,11008,1,0,0
4080,11016,1,0,0
4081,11171,1,0,0
4099,11234,1,0,0
4100,11235,1,0,0
4101,11236,6,0,0
4102,11240,1,0,0
4103,11214,1,0,0
4104,11204,1,0,0
4105,11157,1,0,0
4106,11098,1,0,0
4107,11175,1,0,0
4108,11234,1,0,0
4109,11238,1,0,0
4110,11225,1,0,0
4111,11212,1,0,0
4112,11205,1,0,0
4113,11226,1,0,0
4114,11220,1,0,0
4115,11126,1,0,0
4116,11176,1,0,0
4117,11176,1,0,0
4118,11167,1,0,0
4119,11237,10,"150,00",0
4120,11241,1,0,0
4121,11242,2,"170,00",0
4122,11243,1,"200,00",0
4123,11193,1,0,0
4124,11038,1,0,0
4125,10970,1,0,0
4126,11105,1,0,0
4127,11244,1,"370,00",0
4128,11246,1,"50,00",0
4129,11172,1,0,0
4130,11194,1,0,0
4131,11245,1,0,0
4132,11247,3,"140,00",0
4133,11248,1,0,0
4134,11249,3,"50,00",0
4135,11250,1,0,0
4136,11200,1,0,0
4137,11251,6,"100,00",0
4138,11253,6,"60,00",0
4139,11254,1,0,0
4140,11173,1,0,0
4141,11256,7,"30,00",0
4142,11257,7,"180,00",0
4143,11258,1,"220,00",0
4160,11238,1,0,0
4161,11255,2,"100,00",0
4165,10900,1,0,0
4166,10900,1,0,0
4167,11259,4,0,0
4168,11260,1,0,0
4169,11261,1,0,0
4170,11159,1,0,0
4171,11250,1,0,0
4172,11204,1,0,0
4173,11225,1,0,0
4174,11248,1,0,0
4175,11226,1,0,0
4176,11220,1,0,0
4177,11209,1,0,0
4178,11209,1,0,0
4179,11176,1,0,0
4180,11205,1,0,0
4181,10523,1,0,0
4182,11222,1,0,0
4183,11042,1,0,0
4184,11212,1,0,0
4185,11175,1,0,0
4186,11193,1,0,0
4187,11200,1,0,0
4188,10905,1,0,0
4189,11194,1,0,0
4190,11172,1,0,0
4191,11262,6,"790,00",0
4192,11180,1,0,0
4193,11171,1,0,0
4210,11105,1,0,0
4211,11238,1,0,0
4212,11248,1,0,0
4213,11209,1,0,0
4214,11225,1,0,0
4215,11250,1,0,0
4216,11263,1,0,0
4217,11264,1,0,0
4218,11264,1,0,0
4219,11265,1,"120,00",0
4220,11266,1,0,0
4221,11042,1,0,0
4222,11267,6,"240,00",0
4223,11268,10,"560,00",0
4224,11269,1,0,0
4225,11270,10,"300,00",0
4226,11271,5,"340,00",0
4227,11273,1,0,0
4228,11274,1,"90,00",0
4229,11275,1,"140,00",0
4230,11276,2,"430,00",0
4231,11277,1,0,0
4232,11278,1,0,0
4233,11279,10,"155,00",0
4234,11176,1,0,0
4237,11098,1,0,0
4238,11204,1,0,0
4239,10970,1,0,0
4240,11123,1,0,0
4241,11123,1,0,0
4242,10742,1,0,0
4243,10742,1,0,0
4244,10742,1,0,0
4245,11266,1,0,0
4246,11220,1,0,0
4247,11193,1,0,0
4248,11264,1,0,0
4249,11016,1,0,0
4250,11016,1,0,0
4251,11217,1,0,0
4252,11225,1,0,0
4253,11238,1,0,0
4254,11194,1,0,0
4255,11209,1,0,0
4256,11248,1,0,0
4257,11252,1,0,0
4258,11252,1,0,0
4259,11252,1,0,0
4260,11220,1,0,0
4261,11226,1,0,0
4262,11193,1,0,0
4263,11280,8,"90,00",0
4264,11281,10,"440,00",0
4265,11282,8,"150,00",0
4266,11283,2,0,0
4267,11284,1,0,0
4268,11284,1,0,0
4269,11204,1,0,0
4270,11194,1,0,0
4271,11285,10,"100,00",0
4272,11286,10,"10,00",0
4273,11287,10,"740,00",0
4274,11288,1,0,0
4275,11289,1,0,0
4276,11290,1,0,0
4277,11291,1,0,0
4278,11292,1,"10,00",0
4279,11293,4,"110,00",0
4280,11294,1,0,0
4281,11295,4,"100,00",0
4300,11299,10,"200,00",0
4301,11238,1,0,0
4302,11296,10,"50,00",0
4303,11297,1,0,0
4304,11301,5,"260,00",0
4305,11302,3,"600,00",0
4306,11304,10,"1312,00",0
4307,11225,1,0,0
4308,11306,10,"280,00",0
4309,11307,10,"580,00",0
4310,11308,1,"150,00",0
4311,11309,1,"150,00",0
4312,11310,1,"510,00",0
4326,11204,1,0,0
4327,11111,1,0,0
4328,11111,1,0,0
4329,11111,1,0,0
4330,11284,1,0,0
4340,11226,1,0,0
4341,11248,1,0,0
4342,11209,1,0,0
4343,11214,1,0,0
4344,11214,1,0,0
4345,11176,1,0,0
4346,11176,1,0,0
4347,11294,1,0,0
4348,11300,1,"370,00",0
4349,11305,10,"2600,00",0
4350,11303,1,0,0
4351,11290,1,0,0
4352,11311,1,0,0
4353,11313,1,"50,00",0
4354,11314,1,"50,00",0
4355,11315,1,0,0
4367,11316,5,"40,00",0
4371,11193,1,0,0
4372,11194,1,0,0
4373,11042,1,0,0
4374,10613,1,0,0
4375,11298,1,0,0
4376,11266,1,0,0
4377,11266,1,0,0
4378,11208,1,0,0
4379,11208,1,0,0
4380,11317,1,"50,00",0
4381,11318,1,0,0
4382,11294,1,0,0
4383,11290,1,0,0
4384,11319,1,0,0
4385,11320,1,"50,00",0
4386,11321,1,"20,00",0
4387,11322,1,"170,00",0
4388,11323,1,"470,00",0
4389,11324,6,"150,00",0
4390,11325,5,0,0
4399,11326,1,0,0
4400,11291,1,0,0
4402,11217,1,0,0
4403,11284,1,0,0
4404,11303,1,0,0
4405,11289,1,0,0
4406,11327,1,"620,00",0
4407,11328,5,"75,00",0
4408,11329,5,"210,00",0
4409,11330,10,"120,00",0
4410,11312,1,0,0
4411,11331,2,0,0
4412,10907,1,0,0
4413,10907,1,0,0
4414,11334,1,0,0
4415,11335,3,"150,00",0
4416,11337,4,0,0
4417,10970,1,0,0
4418,11332,1,"210,00",0
4419,11339,5,"50,00",0
4420,11336,1,0,0
4421,11038,1,0,0
4434,11194,1,0,0
4439,11235,1,0,0
4440,11053,1,0,0
4441,11217,1,0,0
4442,11333,1,0,0
4443,11341,1,"280,00",0
4444,11342,3,"10,00",0
4445,11343,5,"172,00",0
4446,11344,1,0,0
4447,11345,1,"290,01",0
4448,11297,1,0,0
4449,11297,1,0,0
4450,11319,1,0,0
4451,11250,1,0,0
4452,11312,1,0,0
4453,11333,1,0,0
4462,11289,1,0,0
4463,11298,1,0,0
4464,11294,1,0,0
4465,11340,1,0,0
4466,11347,1,0,0
4467,11348,6,"212,00",0
4471,11349,6,"90,00",0
4472,11350,1,0,0
4473,11352,1,"160,00",0
4474,11353,10,"130,00",0
4489,11217,1,0,0
4490,11297,1,0,0
4491,11346,1,0,0
4493,11263,1,0,0
4494,11354,1,0,0
4495,11208,1,0,0
4496,11208,1,0,0
4497,11338,1,0,0
4498,11122,1,0,0
4499,11122,1,0,0
4500,11122,1,0,0
4501,11122,1,0,0
4502,11122,1,0,0
4503,11312,1,0,0
4504,11239,1,0,0
4505,11239,1,0,0
4506,11290,1,0,0
4507,11319,1,0,0
4508,11351,1,0,0
4510,11294,1,0,0
4511,11333,1,0,0
4512,11340,1,0,0
4513,11350,1,0,0
4514,11355,10,0,0
4516,11356,1,0,0
4517,11357,1,0,0
4518,11358,6,"750,00",0
4519,11272,1,0,0
4520,11272,1,0,0
4521,11298,1,0,0
4522,11354,1,0,0
4523,11359,8,"630,00",0
4524,11360,8,"220,00",0
4525,11361,6,"10,00",0
4526,11362,1,"100,00",0
4527,11363,4,"130,00",0
4528,11364,1,"230,00",0
4529,11366,6,"240,00",0
4530,11367,1,"70,00",0
4531,11368,2,"220,00",0
4532,11369,6,"270,00",0
4533,11370,6,"120,00",0
4534,11371,5,"120,00",0
4535,11372,10,"140,00",0
4550,11217,1,0,0
4551,11357,1,0,0
4552,11319,1,0,0
4553,11312,1,0,0
4554,11373,1,0,0
4555,11374,1,"590,00",0
4556,11375,5,"380,00",0
4557,11376,5,"580,00",0
4558,11354,1,0,0
4559,11346,1,0,0
4560,11377,1,0,0
4561,11378,1,0,0
4562,11379,1,"630,00",0
4563,11380,8,"130,00",0
4571,11269,1,0,0
4572,11338,1,0,0
4574,11381,3,0,0
4575,11382,3,0,0
4576,11383,1,0,0
4577,11333,1,0,0
4578,11365,1,0,0
4579,11340,1,0,0
4580,11264,1,0,0
4581,11208,1,0,0
4582,11384,1,0,0
4583,11385,1,"420,00",0
4591,11298,1,0,0
4592,11388,1,0,0
4593,11389,5,"70,00",0
4594,11390,6,"80,00",0
4595,11391,6,"246,00",0
4602,11392,1,0,0
4603,11393,1,"330,00",0
4604,11394,1,"70,00",0
4605,11395,1,0,0
4606,11386,1,0,0
4609,11214,1,0,0
4610,11396,6,"190,00",0
4611,11346,1,0,0
4612,11252,1,0,0
4613,11252,1,0,0
4614,11269,1,0,0
4615,11386,1,0,0
4616,11386,1,0,0
4617,11386,1,0,0
4618,11386,1,0,0
4619,11386,1,0,0
4620,11386,1,0,0
4621,11386,1,0,0
4622,11386,1,0,0
4623,11386,1,0,0
4624,11386,1,0,0
4625,11319,1,0,0
4626,11340,1,0,0
4627,11398,4,"716,00",0
4628,11365,1,0,0
4629,11357,1,0,0
4630,11384,1,0,0
4631,11350,1,0,0
4632,11373,1,0,0
4633,11399,1,0,0
4634,11402,1,0,0
4635,11401,1,0,0
4636,11354,1,0,0
4637,11354,1,0,0
4638,11404,1,"90,00",0
4639,11406,1,0,0
4640,11408,1,"400,00",0
4641,11410,1,0,0
4659,11411,1,0,0
4662,11333,1,0,0
4663,11338,1,0,0
4664,11401,1,0,0
4665,11289,1,0,0
4666,11400,1,0,0
4667,11346,1,0,0
4668,11340,1,0,0
4669,11402,1,0,0
4670,11399,1,0,0
4671,11403,1,0,0
4672,11333,1,0,0
4673,11415,3,"230,00",0
4674,11413,1,"260,00",0
4675,11416,1,0,0
4676,11365,1,0,0
4677,11357,1,0,0
4678,11417,1,"40,00",0
4679,11418,3,"60,00",0
4680,11419,1,"100,00",0
4696,11405,1,0,0
4697,11409,1,0,0
4698,11400,1,0,0
4699,11414,1,0,0
4700,11298,1,0,0
4701,11420,5,"360,00",0
4702,11421,2,"250,00",0
4703,11422,1,"380,00",0
4704,11423,10,"180,00",0
4705,11425,2,"590,00",0
4706,11386,1,0,0
4707,11428,7,"10,00",0
4708,11429,10,"122,00",0
4709,11430,6,"200,00",0
4710,11431,8,"80,00",0
4720,10907,1,0,0
4721,10907,1,0,0
4722,11357,1,0,0
4723,11338,1,0,0
4726,11401,1,0,0
4727,11269,1,0,0
4728,11269,1,0,0
4729,11405,1,0,0
4730,11424,1,0,0
4731,11403,1,0,0
4732,11416,1,0,0
4733,11340,1,0,0
4735,11402,1,0,0
4736,11412,1,0,0
4737,11377,1,0,0
4738,11399,1,0,0
4739,11432,7,"420,00",0
4740,11433,1,"210,00",0
4741,11434,6,"50,00",0
4742,11435,1,0,0
4743,11436,5,"590,00",0
4744,11437,3,"40,00",0
4745,11414,1,0,0
4746,11438,1,0,0
4755,11409,1,0,0
4756,11439,1,0,0
4757,11440,1,"130,00",0
4758,11441,1,"170,00",0
4759,11442,1,"176,00",0
4760,11222,1,0,0
4761,11298,1,0,0
4762,11400,1,0,0
4772,11444,1,0,0
4773,11445,1,0,0
4774,11446,1,0,0
4775,11365,1,0,0
4776,11447,1,0,0
4777,11448,1,0,0
4778,11449,1,0,0
4779,11373,1,0,0
4780,11427,1,0,0
4781,11427,1,0,0
4782,11427,1,0,0
4783,11319,1,0,0
4784,11401,1,0,0
4785,11426,1,0,0
4786,11405,1,0,0
4787,11402,1,0,0
4788,11377,1,0,0
4789,11416,1,0,0
4790,11438,1,0,0
4791,11399,1,0,0
4792,11263,1,0,0
4793,11409,1,0,0
4794,10630,1,0,0
4795,11266,1,0,0
4796,11266,1,0,0
4797,11424,1,0,0
4798,11217,1,0,0
4799,11229,1,0,0
4800,11450,10,"920,00",0
4801,11451,1,0,0
4802,11452,6,"1250,00",0
4803,11414,1,0,0
4804,11400,1,0,0
4805,11453,1,0,"2,50"
4806,11365,1,0,0
4807,11392,1,0,0
4808,11448,1,0,0
4815,11455,4,"120,00",0
4816,11458,2,"650,00",0
4817,11459,1,0,0
4818,11456,1,0,0
4819,11384,1,0,0
4820,11384,1,0,0
4821,11401,1,0,0
4822,11460,5,"150,00",0
4823,11461,1,0,0
4824,11462,1,0,0
4825,11463,2,0,0
4826,11405,1,0,0
4827,11403,1,0,0
4828,11439,1,0,0
4829,11377,1,0,0
4830,11290,1,0,0
4831,11438,1,0,0
4832,11416,1,0,0
4836,11456,1,0,0
4857,11365,1,0,0
4858,11399,1,0,0
4859,11346,1,0,0
4860,11453,1,0,0
4861,11409,1,0,0
4862,11400,1,0,0
4863,11373,1,0,0
4866,11464,1,0,0
4867,11465,1,0,0
4868,11467,4,"300,00",0
4869,11468,3,"370,00",0
4870,11469,8,"76,00",0
4871,11461,1,0,0
4872,11471,1,"130,00",0
4873,11472,10,"140,00",0
4874,11229,1,0,0
4875,11229,1,0,0
4876,11229,1,0,0
4877,11229,1,0,0
4878,11397,1,0,0
4879,11397,1,0,0
4880,11473,1,"430,00",0
4881,11474,6,"40,00",0
4882,11475,1,"50,00",0
4883,11476,5,"230,00",0
4884,11477,6,"120,00",0
4885,11426,1,0,0
4886,11479,3,"80,00",0
4887,11480,3,"150,00",0
4888,11481,5,"250,00",0
4889,11482,6,"340,00",0
4890,11483,1,"150,00",0
4891,11454,1,0,0
4892,11470,1,0,0
4893,11486,6,"280,00",0
4894,11488,1,0,0
4914,11401,1,0,0
4915,11416,1,0,0
4916,11438,1,0,0
4917,11377,1,0,0
4918,11414,1,0,0
4919,11338,1,0,0
4920,11338,1,0,0
4921,11412,1,0,0
4922,11412,1,0,0
4923,11456,1,0,0
4924,11405,1,0,0
4925,11465,1,0,0
4926,11478,1,0,0
4927,11489,6,"200,00",0
4928,11490,5,"1320,00",0
4929,11492,5,"70,00",0
4930,11493,1,"20,00",0
4931,11496,1,0,0
4932,11494,8,"780,00",0
4933,11453,1,0,0
4934,11498,8,"310,00",0
4935,11499,1,"200,01",0
4936,11500,1,"152,00",0
4937,11491,1,0,0
4938,11491,1,0,0
4939,11424,1,0,0
4940,11409,1,0,0
4941,11403,1,0,0
4942,11501,1,"20,00",0
4943,11502,1,0,0
4957,11298,1,0,0
4958,11448,1,0,0
4959,11448,1,0,0
4960,11448,1,0,0
4961,11505,8,"920,00",0
4967,11365,1,0,0
4968,11484,1,"230,00",0
4969,11507,1,0,0
4970,11508,1,"260,00",0
4972,11510,1,0,0
4977,11485,6,"260,00",0
4978,11466,1,0,0
4980,11459,1,0,0
4981,11459,1,0,0
4982,11338,1,0,0
4983,11338,1,0,0
4984,11338,1,0,0
4985,11373,1,0,0
4986,11478,1,0,0
4987,11511,4,"100,00",0
4988,11514,1,0,0
4990,11454,1,0,0
4991,11470,1,0,0
4992,11457,1,0,0
4993,11457,1,0,0
4998,11496,1,0,0
4999,11456,1,0,0
5000,11438,1,0,0
5001,11416,1,0,0
5002,11424,1,0,0
5006,11453,1,0,0
5007,11516,10,"300,00",0
5008,11517,10,"700,00",0
5009,11409,1,0,0
5010,11465,1,0,0
5011,11518,1,"190,00",0
5012,11521,10,0,0
5013,11522,1,0,0
5020,11491,1,0,0
5021,11515,1,"80,00",0
5022,11523,1,0,0
5026,11519,1,0,0
5028,11263,1,0,0
5029,11426,1,0,0
5030,11520,10,"180,00",0
5031,11519,1,0,0
5032,11405,1,0,0
5033,11214,1,0,0
5034,11454,1,0,0
5035,11470,1,0,0
5036,11438,1,0,0
5037,11377,1,0,0
5038,11397,1,0,0
5039,11397,1,0,0
5040,11397,1,0,0
5041,11407,1,0,0
5042,11407,1,0,0
5043,10984,1,0,0
5044,10984,1,0,0
5045,10984,1,0,0
5046,10984,1,0,0
5047,11456,1,0,0
5048,11496,1,0,0
5049,11465,1,0,0
5050,11459,1,0,0
5051,11525,1,"1249,99",0
5054,11526,1,0,0
5055,11527,5,"60,00",0
5056,11528,1,0,0
5057,11409,1,0,0
5058,11478,1,0,0
5059,11453,1,0,0
5060,11529,1,"115,00",0
5061,11524,1,0,0
5062,11531,5,"180,00",0
5063,11532,3,0,0
5064,11533,7,"100,00",0
5065,11534,1,0,0
5066,11535,1,"0,00",0
5067,11536,1,0,0
5085,11491,1,0,0
5086,11298,1,0,0
5087,11403,1,0,0
5088,11365,1,0,0
5089,11167,1,0,0
5090,11519,1,0,0
5091,11537,1,"370,00",0
5092,11538,1,"50,00",0
5093,11470,1,0,0
5094,11454,1,0,0
5095,11534,1,0,0
5096,11399,1,0,0
5097,11405,1,0,0
5098,11524,1,0,0
5099,11456,1,0,0
5100,11496,1,0,0
5101,11540,2,"190,00",0
5102,11541,1,"100,00",0
5103,11542,8,"170,00",0
5104,11424,1,0,0
5105,11543,5,"450,00",0
5106,11544,1,0,0
5107,11453,1,0,0
5108,11539,1,0,0
5109,10851,1,0,0
5110,11409,1,0,0
5111,11465,1,0,0
5115,11539,1,0,0
5116,11545,1,"200,00",0
5117,11546,1,"2262,00",0
5118,11547,1,"665,01",0
5119,11548,1,"839,00",0
5120,11549,1,"839,00",0
5121,11550,5,"305,00",0
5122,11551,1,"100,00",0
5123,11552,4,"200,00",0
5124,11544,1,0,0
5125,11407,1,0,0
5126,11407,1,0,0
5127,11407,1,0,0
5128,11407,1,0,0
5129,11519,1,0,0
5130,11553,7,"226,00",0
5131,11554,1,0,0
5132,11555,1,"30,00",0
5151,11470,1,0,0
5152,11454,1,0,0
5153,11496,1,0,0
5154,11453,1,0,0
5155,11453,1,0,0
5156,11556,3,0,0
5157,11465,1,0,0
5158,11478,1,0,0
5159,11534,1,0,0
5160,11539,1,0,0
5161,11557,6,"376,00",0
5162,11407,1,0,0
5163,11407,1,0,0
5164,11407,1,0,0
5165,11407,1,0,0
5166,11443,1,0,0
5167,11443,1,0,0
5168,11443,1,0,0
5169,11443,1,0,0
5170,11443,1,0,0
5171,11558,4,"50,00",0
5172,11495,1,0,0
5173,11495,1,0,0
5174,11495,1,0,0
5175,11504,1,0,0
5176,10970,1,0,0
5177,11524,1,0,0
5178,11426,1,0,0
5179,11554,1,0,0
5180,11519,1,0,0
5181,11470,1,0,0
5182,11454,1,0,0
5183,11496,1,0,0
5184,11544,1,0,0
5185,11534,1,0,0
5186,11559,1,"50,00",0
5187,11560,1,"310,00",0
5189,11562,6,"190,00",0
5190,11563,2,"400,00",0
5191,11564,5,"100,00",0
5192,11565,1,0,0
5193,11566,4,0,0
5194,11567,10,"340,00",0
5196,11569,1,0,0
5197,11569,1,0,0
5198,11570,1,0,0
5199,11570,1,0,0
5200,11571,5,"110,00",0
5201,11539,1,0,0
5202,11487,1,0,0
5203,11487,1,0,0
5204,11487,1,0,0
5205,11487,1,0,0
5206,11487,1,0,0
5207,11497,1,0,0
5208,11497,1,0,0
5209,11497,1,0,0
5210,11497,1,0,0
5211,11497,1,0,0
5212,11572,1,0,0
5213,11573,1,"90,00",0
5214,11574,1,0,0
5215,11575,5,"854,00",0
5216,11426,1,0,0
5217,11576,5,"50,00",0
5218,11577,5,"10,00",0
5219,11578,1,0,0
5220,11580,1,0,0
5238,11581,1,0,0
5239,11454,1,0,0
5240,11582,1,0,0
5241,11582,1,0,0
5242,11583,3,"65,00",0
5243,11584,2,"230,00",0
5244,11574,1,0,0
5245,11585,1,"340,00",0
5246,11586,1,0,0
5247,11587,6,0,0
5248,11588,4,"50,00",0
5249,11565,1,0,0
5250,11589,1,0,0
5251,11590,1,"200,00",0
5252,11591,5,"150,00",0
5253,11592,5,"500,00",0
5254,11593,1,"200,00",0
5255,11594,1,0,0
5256,11595,3,0,0
5257,11596,1,"250,00",0
5275,11598,1,"45,00",0
5276,11580,1,0,0
5279,11599,6,"400,00",0
5280,11600,4,"120,00",0
5281,11601,1,0,0
5282,11524,1,0,0
5283,11603,1,0,0
5284,11604,1,0,0
5285,11607,5,"250,00",0
5286,11609,1,0,0
5287,11610,1,0,0
5288,11612,1,0,0
5289,11613,8,"690,00",0
5290,11614,1,0,0
5291,11589,1,0,0
5292,11603,1,0,0
5293,11603,1,0,0
5294,11594,1,0,0
5295,11578,1,0,0
5296,11569,1,0,0
5297,11570,1,0,0
5298,11503,1,0,0
5299,11503,1,0,0
5300,11503,1,0,0
5301,11574,1,0,0
5302,11539,1,0,0
5303,11601,1,0,0
5304,11586,1,0,0
5305,11534,1,0,0
5306,11608,1,0,0
5307,11606,1,0,0
5308,11414,1,0,0
5309,11399,1,0,0
5310,11565,1,0,0
5326,11609,1,0,0
5336,11611,10,"700,00",0
5337,11263,1,0,0
5338,11478,1,0,0
5339,11615,4,"130,00",0
5340,11602,1,0,0
5341,11602,1,0,0
5342,11616,1,"320,00",0
5343,11612,1,0,"10,00"
5344,11617,3,0,0
5345,11618,2,0,0
5346,11619,2,"150,00",0
5347,11620,1,0,0
5348,11621,5,"190,00",0
5349,11622,1,0,0
5350,11623,1,0,0
5351,11624,6,"450,00",0
5352,11578,1,0,0
5353,11594,1,0,0
5354,11574,1,0,0
5355,11620,1,0,0
5356,11622,1,0,0
5357,11625,1,0,0
5358,11626,1,0,0
5359,11503,1,0,0
5360,11503,1,0,0
5361,11506,1,0,0
5362,11597,1,0,0
5363,11601,1,0,0
5364,11601,1,0,0
5365,11582,1,0,0
5366,11586,1,0,0
5367,11350,1,0,0
5368,11580,1,0,0
5369,11580,1,0,0
5370,11627,1,"70,00",0
5371,11628,1,0,0
5372,11629,6,"150,00",0
5373,11630,1,0,0
5391,11539,1,0,0
5392,11631,1,"150,00",0
5393,11565,1,0,0
5394,11426,1,0,0
5395,11605,1,0,0
5396,11632,5,"190,00",0
5397,11626,1,0,0
5398,11633,1,"200,00",0
5399,11635,1,0,0
5400,11636,1,0,0
5401,11637,1,0,0
5402,11638,1,0,0
5403,11609,1,0,0
5404,11639,6,"180,00",0
5405,11640,1,0,0
5406,11641,1,"350,00",0
5407,11602,1,0,0
5408,11642,5,"250,00",0
5409,11643,5,"270,00",0
5410,11589,1,0,0
5411,11645,6,"550,00",0
5412,11646,1,0,0
5413,11570,1,0,0
5414,11570,1,0,0
5415,11502,1,0,0
5416,11578,1,0,0
5417,11594,1,0,0
5418,11647,3,"320,00",0
5419,11648,5,"300,00",0
5420,11649,1,0,0
5421,11622,1,0,0
5422,11650,1,"180,00",0
5423,11630,1,0,0
5424,11623,1,0,0
5425,11634,3,"480,00",0
5426,11459,1,0,"15,00"
5427,11652,1,0,0
5428,11653,1,0,0
5430,11654,1,"50,00",0
5431,11655,7,"260,00",0
5432,11597,1,0,0
5433,11656,1,0,0
5434,11586,1,0,0
5435,11657,1,0,0
5436,11651,1,0,0
5437,11637,1,0,0
5438,11582,1,0,0
5439,11606,1,0,0
5440,11506,1,0,0
5441,11506,1,0,0
5442,11506,1,0,0
5443,11580,1,0,0
5444,11605,1,0,0
5445,11620,1,0,0
5446,11608,1,0,0
5447,11608,1,0,0
5448,11565,1,0,0
5449,11574,1,0,0
5463,11609,1,0,0
5464,11602,1,0,0
5465,11658,1,0,0
5466,11659,1,0,0
5467,11653,1,0,0
5468,11660,1,"450,00",0
5469,11662,1,0,0
5470,11663,2,"150,01",0
5471,11661,2,"10,00",0
5472,11664,1,"150,00",0
5473,11665,1,0,0
5474,11666,1,0,0
5475,11544,1,0,0
5476,11589,1,0,0
5477,11657,1,0,0
5478,11263,1,0,0
5479,11622,1,0,0
5480,11594,1,0,0
5481,11667,1,0,0
5482,11668,1,"335,00",0
5483,11671,1,"200,00",0
5484,11672,1,"200,00",0
5485,11674,1,"130,00",0
5486,11675,6,"90,00",0
5487,11676,1,"272,00",0
5488,11677,10,"1248,00",0
5489,11666,1,0,0
5490,11666,1,0,0
5502,11578,1,0,0
5503,11649,1,0,0
5504,11530,1,0,0
5505,11630,1,0,0
5506,11623,1,0,0
5507,11608,1,0,0
5508,11620,1,0,0
5509,11495,1,0,0
5510,11504,1,0,0
5511,11554,1,0,0
5512,11478,1,0,0
5513,11656,1,0,0
5514,11586,1,0,0
5515,11640,1,0,0
5516,11502,1,0,0
5517,11597,1,0,0
5520,11670,1,0,0
5521,11673,1,0,0
5522,11574,1,0,0
5523,11569,1,0,0
5524,11569,1,0,0
5525,11569,1,0,0
5526,11570,1,0,0
5527,11659,1,0,0
5528,11669,1,0,0
5529,11609,1,0,0
5530,11602,1,0,0
5531,11679,1,0,0
5532,11679,1,0,0
5533,11685,1,0,0
5534,11653,1,0,0
5535,11604,1,0,0
5536,11604,1,0,0
5537,11604,1,0,0
5538,11578,1,0,0
5539,11622,1,0,0
5540,11665,1,0,0
5541,11594,1,0,0
5542,11644,1,0,0
5543,11657,1,0,0
5544,11506,1,0,0
5545,11509,1,0,0
5546,11509,1,0,0
5547,11605,1,0,0
5548,11679,1,0,0
5549,11628,1,0,0
5550,11628,1,0,0
5551,11673,1,0,0
5552,11649,1,0,0
5553,11574,1,0,0
5554,11662,1,0,0
5555,11662,1,0,0
5556,11620,1,0,0
5557,11670,1,0,0
5558,11606,1,0,0
5559,11608,1,0,0
5560,11637,1,0,0
5561,11651,1,0,0
5562,11623,1,0,0
5563,11678,1,"150,00",0
5564,11681,1,"250,00",0
5565,11682,4,"370,00",0
5566,11683,1,"20,00",0
5567,11684,4,"100,00",0
5568,11686,2,"10,00",0
5569,11687,1,"250,00",0
5570,11689,1,"350,00",0
5571,11691,1,"20,00",0
5572,11656,1,0,0
5573,11609,1,0,0
5574,11602,1,0,0
5575,11688,1,0,0
5576,11640,1,0,0
5577,11622,1,0,0
5578,11622,1,0,0
5579,11622,1,0,0
5580,11622,1,0,0
5581,11669,1,0,0
5594,11694,10,"200,00",0
5596,11696,3,"280,00",0
5597,11697,8,"310,00",0
5598,11698,1,0,0
5599,11699,5,"310,00",0
5600,11700,1,0,0
5601,11701,1,"840,00",0
5602,11702,1,"260,00",0
5603,11703,1,"40,00",0
5604,11544,1,0,0
5605,11589,1,0,0
5606,11662,1,0,0
5607,11570,1,0,0
5608,11569,1,0,0
5609,11704,10,"64,00",0
5610,11705,2,"130,00",0
5611,11706,6,"150,00",0
5612,11707,1,"100,00",0
5613,11708,1,"150,00",0
5614,11709,1,"170,00",0
5615,11710,4,"160,00",0
5616,11711,1,0,0
5617,11657,1,0,0
5618,11712,3,"60,00",0
5619,11713,10,"250,00",0
5620,11714,6,"600,00",0
5621,11692,1,"850,00",0
5622,11716,6,"160,00",0
5623,11717,1,0,0
5624,11685,1,0,0
5625,11698,1,0,0
5626,11606,1,0,0
5627,11653,1,0,0
5628,11659,1,0,0
5629,11659,1,0,0
5630,11630,1,0,0
5631,11623,1,0,0
5632,11578,1,0,0
5633,11574,1,0,0
5634,11509,1,0,0
5635,11509,1,0,0
5636,11509,1,0,0
5637,11602,1,0,0
5638,11688,1,0,0
5639,11544,1,0,0
5640,11589,1,0,0
5641,11644,1,0,0
5642,11673,1,0,0
5643,11649,1,0,0
5644,11656,1,0,0
5645,11608,1,0,0
5646,11670,1,0,0
5647,11651,1,0,0
5648,11637,1,0,0
5649,11620,1,0,0
5650,11669,1,0,0
5651,11715,1,0,0
5652,11222,1,0,0
5653,11222,1,0,0
5654,11569,1,0,0
5655,11570,1,0,0
5656,11657,1,0,0
5657,11578,1,0,0
5658,11718,1,0,0
5659,11665,1,0,0
5660,11665,1,0,0
5661,11665,1,0,0
5662,11685,1,0,0
5663,11718,1,0,0
5664,11513,1,0,0
5665,11513,1,0,0
5666,11513,1,0,0
5667,11711,1,0,0
5668,11698,1,0,0
5669,11597,1,0,0
5670,11670,1,0,0
5671,11719,1,0,0
5672,11719,1,0,0
5673,11605,1,0,0
5674,11653,1,0,0
5675,11659,1,0,0
5676,11722,1,0,0
5677,11723,1,0,0
5678,11724,1,0,0
5679,11725,1,0,0
5680,11725,1,0,0
5681,11726,1,0,0
5682,11727,1,"160,00",0
5683,11729,1,0,0
5684,11730,6,"460,00",0
5685,11656,1,0,0
5686,11688,1,0,0
5687,11700,1,0,0
5688,11700,1,0,0
5689,11637,1,0,0
5690,11651,1,0,0
5691,11662,1,0,0
5692,11732,1,0,0
5693,11502,1,0,0
5694,11715,1,0,0
5695,11657,1,0,0
5696,11711,1,0,0
5697,11723,1,0,0
5698,11731,1,0,0
5699,11685,1,0,0
5700,11680,1,0,0
5701,11680,1,0,0
5702,11693,1,0,0
5703,11698,1,0,0
5704,11725,1,0,0
5705,11717,1,0,0
5706,11717,1,0,0
5707,11640,1,0,0
5708,11733,1,0,0
5709,11733,1,0,0
5710,11623,1,0,0
5711,11597,1,0,0
5712,11722,1,0,0
5713,11718,1,0,0
5714,11673,1,0,0
5715,11673,1,0,0
5716,11720,1,0,0
5717,11670,1,0,0
5718,11721,1,0,0
5719,11721,1,0,0
5720,11719,1,0,0
5721,11688,1,0,0
5722,11700,1,0,0
5723,11685,1,0,0
5724,11715,1,0,0
5725,11732,1,0,0
5726,11734,1,0,0
5727,11734,1,0,0
5728,11735,1,0,0
5729,11736,1,"220,00",0
5730,11731,1,0,0
5731,11644,1,0,0
5732,11737,1,0,0
5733,11737,1,0,0
5734,11723,1,0,0
5735,11637,1,0,0
5736,11651,1,0,0
5737,11718,1,0,0
5738,11734,1,0,0
5739,11722,1,0,0
5740,11733,1,0,0
5741,11597,1,0,0
5742,11737,1,0,0
5743,11737,1,0,0
5744,11711,1,0,0
5745,11719,1,0,0
5746,11637,1,0,0
5747,11651,1,0,0
5748,11725,1,0,0
5749,11513,1,0,0
5750,11513,1,0,0
5751,11657,1,0,0
5752,11735,1,0,0
5753,11738,1,"300,00",0
5754,11739,8,"220,00",0
5755,11740,1,"230,00",0
5756,11741,1,"210,00",0
5757,11742,1,"290,00",0
5758,11721,1,0,0
5759,11743,1,"220,00",0
5760,11744,1,"150,00",0
5761,11662,1,0,0
5762,11745,1,0,0
5763,11746,1,0,0
5764,11747,1,"190,00",0
5766,11748,6,"10,00",0
5767,11750,7,"550,02",0
5768,11751,1,"150,00",0
5769,11752,1,"500,00",0
5770,11753,1,"1250,00",0
5771,11754,1,"160,00",0
5772,11755,6,"100,00",0
5773,11756,1,"0,01",0
5774,11673,1,0,0
5775,11688,1,0,0
5776,11732,1,0,0
5777,11711,1,0,0
5778,11723,1,0,0
5779,11758,4,"360,00",0
5780,11728,1,0,0
5781,11728,1,0,0
5782,11728,1,0,0
5783,11662,1,0,0
5784,11565,1,0,0
5785,11649,1,0,0
5786,11435,1,0,0
5787,11435,1,0,0
5788,11435,1,0,0
5789,11640,1,0,0
5790,11731,1,0,0
5791,11715,1,0,0
5792,11759,1,"100,00",0
5793,11698,1,0,0
5794,11760,1,0,0
5795,11761,1,0,0
5796,11762,1,0,0
5797,11763,1,0,0
5798,11733,1,0,0
5799,11757,1,"700,00",0
5800,11725,1,0,0
5801,11693,1,0,0
5802,11651,1,0,0
5803,11637,1,0,0
5804,11764,1,"360,00",0
5805,11765,1,0,0
5806,11765,1,0,0
5807,11766,1,"350,00",0
5808,11719,1,0,0
5809,11745,1,0,0
5810,11745,1,0,0
5811,11721,1,0,0
5812,11729,1,0,0
5813,11765,1,0,0
5814,11688,1,0,0
5815,11768,1,0,0
5816,11770,6,"250,00",0
5817,11765,1,0,0
5818,11772,1,0,0
5819,11773,1,0,0
5820,11774,1,"100,00",0
5821,11723,1,0,0
5822,11731,1,0,0
5823,11711,1,0,0
5824,11749,1,0,0
5825,11512,1,0,0
5826,11512,1,0,0
5827,11512,1,0,0
5828,11512,1,0,0
5829,11512,1,0,0
5830,11579,1,0,0
5831,11775,1,0,0
5832,11722,1,0,0
5833,11763,1,0,0
5834,11732,1,0,0
5835,11776,1,0,0
5836,11777,1,0,0
5838,11779,1,0,0
5839,11780,8,"60,00",0
5840,11781,8,"300,00",0
5841,11782,1,0,0
5842,11783,1,0,0
5843,11784,10,"1470,00",0
5844,11733,1,0,0
5845,11698,1,0,0
5846,11765,1,0,0
5847,11735,1,0,0
5848,11735,1,0,0
5849,11659,1,0,0
5850,11719,1,0,0
5851,11765,1,0,0
5852,11768,1,0,0
5853,11688,1,0,0
5854,11785,1,0,0
5855,11786,1,"20,00",0
5856,11788,3,0,0
5857,11789,1,0,0
5858,11790,1,0,0
5859,11791,1,0,0
5860,11792,8,"200,00",0
5861,11793,8,"540,00",0
5862,11794,1,"130,00",0
5863,11795,5,"590,00",0
5864,11732,1,0,0
5865,11723,1,0,0
5866,11749,1,0,0
5867,11773,1,0,0
5868,11797,1,"150,00",0
5869,11798,1,"250,00",0
5870,11799,1,0,0
5871,11800,1,0,0
5872,11800,1,0,0
5873,11801,2,"170,00",0
5874,11802,1,0,0
5875,11731,1,0,0
5876,11800,1,0,0
5877,11787,1,0,0
5878,11787,1,0,0
5879,11644,1,0,0
5880,11735,1,0,0
5881,11803,1,0,0
5882,11733,1,0,0
5883,11802,1,0,0
5884,11768,1,0,0
5885,11782,1,0,0
5886,11720,1,0,0
5887,11720,1,0,0
5888,11720,1,0,0
5889,11767,1,0,0
5890,11767,1,0,0
5891,11804,7,"100,00",0
5892,11805,7,"20,00",0
5893,11810,1,"180,00",0
5894,11811,6,"210,00",0
5895,11812,5,"280,00",0
5896,11814,4,"350,00",0
5897,11815,7,"835,00",0
5898,11816,1,"250,00",0
5899,11817,1,"290,00",0
5900,11818,1,"220,00",0
5901,11819,1,0,0
5902,11813,1,0,0
5903,11721,1,0,0
5904,11820,10,0,0
5905,11785,1,0,0
5906,11821,6,"208,00",0
5907,11823,1,0,0
5908,11824,1,0,0
5909,11688,1,0,0
5910,11825,1,0,0
5911,11827,10,"250,00",0
5912,11828,4,"800,00",0
5948,11749,1,0,0
5949,11809,1,0,0
5950,11723,1,0,0
5955,11829,1,0,0
5956,11803,1,0,0
5980,11771,1,0,0
5981,11787,1,0,0
5982,11644,1,0,0
6003,11800,1,0,0
6004,11823,1,0,0
6005,11823,1,0,0
6006,11823,1,0,0
6007,11695,1,0,0
6008,11695,1,0,0
6009,11782,1,0,0
6010,11769,1,0,0
6011,11769,1,0,0
6012,11495,1,0,0
6013,11796,1,0,0
6014,11796,1,0,0
6015,11830,1,"360,00",0
6016,11831,1,"250,00",0
6017,11829,1,0,0
6018,11722,1,0,0
6019,11722,1,0,0
6020,11813,1,0,0
6021,11802,1,0,0
6022,11832,1,0,0
6023,11808,1,0,0
6024,11808,1,0,0
6025,11832,1,0,0
6026,11809,1,0,0
6027,11765,1,0,0
6028,11834,4,"230,00",0
6029,11835,2,"376,00",0
6030,11836,10,"890,00",0
6031,11837,1,"100,00",0
6032,11715,1,0,0
6033,11833,1,0,0
6034,11838,1,0,0
6035,11787,1,0,0
6036,11723,1,0,0
6037,11800,1,0,0
6038,11829,1,0,0
6039,11839,10,"580,00",0
6040,11763,1,0,0
6041,11763,1,0,0
6042,11803,1,0,0
6043,11769,1,0,0
6044,11796,1,0,0
6045,11782,1,0,0
6046,11840,1,0,0
6047,11841,1,"0,02",0
6048,11842,1,0,0
6049,11843,10,"470,00",0
6050,11813,1,0,0
6051,11844,1,0,0
6052,11847,6,"420,00",0
6053,11848,1,"100,00",0
6054,11849,1,0,0
6055,11851,1,0,0
6056,11852,1,"100,00",0
6057,11854,1,0,0
6058,11840,1,0,0
6059,11802,1,0,0
6060,11855,1,"260,00",0
6061,11856,1,"350,00",0
6062,11857,1,"60,00",0
6070,11690,1,0,0
6071,11690,1,0,0
6072,11690,1,0,0
6073,11690,1,0,0
6074,11809,1,0,0
6075,11860,1,"90,00",0
6076,11840,1,0,0
6077,11723,1,0,0
6078,11737,1,0,0
6079,11737,1,0,0
6080,11737,1,0,0
6081,11737,1,0,0
6082,11863,1,0,0
6083,11864,10,"50,00",0
6084,11842,1,0,0
6085,11865,1,"170,00",0
6086,11868,2,"272,00",0
6087,11869,5,"200,00",0
6088,11721,1,0,0
6089,11808,1,0,"20,00"
6090,11838,1,0,0
6091,11502,1,0,0
6092,11787,1,0,0
6093,11853,1,0,0
6094,11853,1,0,0
6095,11862,1,0,0
6096,11870,6,"320,00",0
6108,11833,1,0,0
6109,11832,1,0,0
6122,11807,1,0,0
6123,11871,1,0,0
6124,11822,1,0,0
6125,11850,1,0,0
6126,11850,1,0,0
6127,11782,1,0,0
6128,11845,1,0,0
6129,11845,1,0,0
6130,11845,1,0,0
6172,11796,1,0,0
6173,11859,1,0,0
6174,11720,1,0,0
6200,11829,1,0,0
6201,11866,1,0,0
6202,11874,6,"280,00",0
6203,11875,1,"200,00",0
6204,11877,1,0,0
6205,11813,1,0,0
6206,11858,1,0,0
6207,11863,1,0,0
6208,11878,5,0,0
6209,11872,1,0,0
6220,11808,1,0,0
6221,11842,1,0,0
6222,11880,1,0,0
6223,11880,1,0,0
6224,11880,1,0,0
6225,11881,1,"30,00",0
6226,11882,1,"400,00",0
6227,11883,1,0,0
6228,11884,1,"1429,00",0
6229,11885,1,0,0
6230,11886,1,"340,00",0
6231,11887,1,"2711,00",0
6232,11890,1,"1419,00",0
6233,11891,1,0,0
6234,11892,8,"300,00",0
6235,11893,6,"70,00",0
6236,11894,3,"200,00",0
6237,11895,1,"760,00",0
6238,11896,1,0,0
6239,11897,1,"190,00",0
6240,11898,1,"260,00",0
6241,11899,1,"350,00",0
6242,11901,1,"160,00",0
6243,11902,1,0,0
6244,11903,1,0,0
6245,11904,1,0,0
6246,11906,1,"1179,00",0
6247,11907,4,"180,00",0
6248,11908,1,"720,00",0
6249,11909,1,"700,00",0
6250,11910,6,"20,00",0
6251,11912,6,"230,00",0
6252,11913,1,0,0
6253,11915,1,0,0
6254,11916,1,"70,00",0
6255,11917,1,"290,00",0
6256,11918,1,0,0
6257,11920,6,"40,00",0
6258,11921,1,0,0
6259,11922,1,"150,00",0
6260,11923,2,"120,00",0
6261,11925,1,0,0
6262,11926,6,"1650,00",0
6263,11927,3,"250,00",0
6264,11928,3,"240,00",0
6265,11929,2,"260,00",0
6266,11930,5,"140,00",0
6267,11931,6,"400,00",0
6268,11932,1,0,0
6269,11934,1,"200,00",0
6270,11935,1,"250,00",0
6271,11936,6,"260,00",0
6272,11937,5,"500,00",0
6273,11938,2,"120,00",0
6274,11939,1,"210,00",0
6275,11942,5,"280,00",0
6276,11943,3,"720,00",0
6278,11946,1,"30,00",0
6279,11949,6,"140,00",0
6280,11950,4,"160,00",0
6281,11951,1,"100,00",0
6282,11953,3,"420,00",0
6283,11954,1,0,0
6284,11956,1,0,0
6285,11957,1,0,0
6286,11958,2,"272,00",0
6287,11959,1,"1090,00",0
6288,11960,1,0,0
6289,11962,1,"140,00",0
6290,11963,1,"835,00",0
6291,11872,1,0,0
6292,11964,1,"300,00",0
6293,11965,1,"600,00",0
6294,11966,1,0,0
6295,11967,1,"100,00",0
6296,11969,6,"260,00",0
6297,11970,1,0,0
6298,11972,1,"500,00",0
6299,11973,5,"260,00",0
6300,11974,5,"100,00",0
6301,11976,1,0,0
6302,11978,1,"40,00",0
6303,11979,1,"100,00",0
6304,11980,6,"760,00",0
6305,11981,1,"945,00",0
6306,11984,1,"205,00",0
6307,11985,1,"495,00",0
6308,11986,1,"350,00",0
6309,11988,5,"800,00",0
6310,11989,1,"680,00",0
6311,11991,1,0,0
6312,11993,1,"80,00",0
6313,11994,5,"80,00",0
6314,11995,5,"350,00",0
6315,11996,1,0,0
6346,11919,1,0,0
6347,11919,1,0,0
6348,11919,1,0,0
6349,11919,1,0,0
6350,11955,1,0,0
6351,11955,1,0,0
6352,11955,1,0,0
6353,11900,1,0,0
6354,11900,1,0,0
6355,11900,1,0,0
6356,11900,1,0,0
6357,11903,1,0,0
6358,11903,1,0,0
6359,11903,1,0,0
6360,11903,1,0,0
6361,11903,1,0,0
6366,11903,1,0,0
6367,11903,1,0,0
6368,11876,1,0,0
6369,11876,1,0,0
6370,11876,1,0,0
6371,11876,1,0,0
6372,11876,1,0,0
6373,11876,1,0,0
6374,11876,1,0,0
6375,11998,4,"670,00",0
6376,11999,1,"1700,00",0
6382,11763,1,0,0
6383,11944,1,0,0
6384,11944,1,0,0
6385,11987,1,0,0
6386,11997,1,0,0
6387,12000,1,0,0
6388,12001,1,"70,00",0
6389,12002,2,"110,00",0
6390,12003,1,0,0
6391,12005,6,"638,00",0
6392,12006,2,0,0
6393,11961,1,0,0
6394,11961,1,0,0
6395,11961,1,0,0
6396,11948,1,0,0
6397,11960,1,0,0
6398,11960,1,0,0
6399,11960,1,0,0
6400,11872,1,0,0
6401,11872,1,0,0
6402,11872,1,0,0
6403,11872,1,0,0
6404,11872,1,0,0
6405,11872,1,0,0
6406,11915,1,0,0
6407,11915,1,0,0
6408,11915,1,0,0
6409,11915,1,0,0
6410,11915,1,0,0
6411,11970,1,0,0
6412,11976,1,0,0
6413,11921,1,0,0
6414,11921,1,0,0
6415,11921,1,0,0
6416,11921,1,0,0
6417,11921,1,0,0
6418,11579,1,0,0
6419,11579,1,0,0
6420,11579,1,0,0
6421,11947,1,0,0
6422,11947,1,0,0
6423,11947,1,0,0
6424,11991,1,0,0
6425,11970,1,0,0
6426,11933,1,0,0
6427,11933,1,0,0
6428,11933,1,0,0
6429,11933,1,0,0
6430,11723,1,0,0
6431,11924,1,0,0
6432,11924,1,0,0
6433,11924,1,0,0
6434,11924,1,0,0
6435,11924,1,0,0
6436,11796,1,0,0
6437,11859,1,0,0
6438,11859,1,0,0
6439,11859,1,0,0
6440,11859,1,0,0
6441,11859,1,0,0
6442,11859,1,0,0
6443,11859,1,0,0
6444,11859,1,0,0
6445,12007,1,0,0
6446,11840,1,0,0
6447,11840,1,0,0
6448,11840,1,0,0
6449,11840,1,0,0
6450,11840,1,0,0
6451,11840,1,0,0
6452,11840,1,0,0
6453,11840,1,0,0
6454,11885,1,0,0
6455,11885,1,0,0
6456,11885,1,0,0
6457,11885,1,0,0
6458,11885,1,0,0
6459,11885,1,0,0
6460,11809,1,0,0
6461,11809,1,0,0
6462,11809,1,0,0
6463,11809,1,0,0
6464,11809,1,0,0
6465,11809,1,0,0
6466,11809,1,0,0
6467,12008,1,0,0
6468,12009,4,"70,00",0
6469,12011,2,"500,00",0
6470,12012,1,"312,00",0
6471,11955,1,0,0
6472,12003,1,0,0
6473,11956,1,0,0
6474,11956,1,0,0
6475,11956,1,0,0
6476,11968,1,0,0
6477,11880,1,0,0
6478,11880,1,0,0
6479,11782,1,0,0
6480,11782,1,0,0
6481,11782,1,0,0
6482,12013,4,"880,00",0
6483,12014,1,0,0
6484,12016,1,0,0
6485,11933,1,0,0
6486,11876,1,0,0
6487,11932,1,0,0
6488,11932,1,0,0
6489,11961,1,0,0
6490,11952,1,0,0
6491,11952,1,0,0
6492,11987,1,0,0
6493,11997,1,0,0
6494,11976,1,0,0
6495,11960,1,0,0
6496,12016,1,0,0
6497,12000,1,0,0
6498,11990,1,0,0
6499,11888,1,0,0
6500,11888,1,0,0
6501,11888,1,0,0
6502,11888,1,0,0
6503,11888,1,0,0
6504,11888,1,0,0
6505,12008,1,0,0
6506,12014,1,0,0
6507,12010,1,0,0
6508,11982,1,0,0
6509,11982,1,0,0
6510,12004,1,0,0
6511,11966,1,0,0
6512,11966,1,0,0
6513,11966,1,0,0
6514,11859,1,0,0
6515,11996,1,0,0
6516,11996,1,0,0
6517,11996,1,0,0
6518,11806,1,0,0
6519,11806,1,0,0
6520,11806,1,0,0
6521,11806,1,0,0
6522,11806,1,0,0
6523,11975,1,0,0
6524,11975,1,0,0
6525,11977,1,0,0
6526,11977,1,0,0
6527,11889,1,0,0
6528,11889,1,0,0
6529,11889,1,0,0
6530,11889,1,0,0
6531,11889,1,0,0
6532,11889,1,0,0
6533,11970,1,0,0
6534,11991,1,0,0
6535,11955,1,0,0
6536,12015,1,0,0
6537,12007,1,0,0
6538,12010,1,0,0
6539,11976,1,0,0
6540,11966,1,0,0
6542,12018,3,"300,00",0
6543,12019,1,"150,00",0
6544,12020,4,"470,00",0
6545,12021,5,"480,00",0
6546,11987,1,0,0
6547,12000,1,0,0
6548,12023,1,"150,00",0
6549,12025,5,0,0
6550,11961,1,0,0
6551,11941,1,0,0
6552,11941,1,0,0
6553,11941,1,0,0
6554,11941,1,0,0
6555,11960,1,0,0
6556,11982,1,0,0
6557,11769,1,0,0
6558,11769,1,0,0
6575,12014,1,0,0
6576,12014,1,0,0
6579,11975,1,0,0
6580,11977,1,0,0
6581,11880,1,0,0
6582,12004,1,0,0
6583,11933,1,0,0
6584,11944,1,0,0
6585,12026,5,"1700,00",0
6586,12027,3,"350,00",0
6587,12028,1,0,0
6588,12029,10,"740,00",0
6589,12030,1,0,0
6590,11990,1,0,0
6591,12024,1,0,0
6592,11968,1,0,0
6593,11956,1,0,0
6594,11997,1,0,0
6595,12015,1,0,0
6596,11823,1,0,0
6597,11823,1,0,0
6598,11823,1,0,0
6599,12016,1,0,0
6600,12010,1,0,0
6601,11955,1,0,0
6602,11987,1,0,0
6603,12007,1,0,0
6604,11903,1,0,0
6605,12028,1,0,0
6606,11976,1,0,0
6607,11966,1,0,0
6608,12031,1,0,0
6609,12034,1,0,0
6610,12034,1,0,0
6611,12033,1,0,0
6612,12035,2,"80,00",0
6613,12036,6,"760,00",0
6614,12037,1,"350,00",0
6615,12038,1,"499,99",0
6616,12039,7,"320,00",0
6617,12040,3,"220,00",0
6618,12041,7,"940,00",0
6619,11960,1,0,0
6620,12014,1,0,0
6621,11990,1,0,0
6622,12004,1,0,0
6623,12022,1,0,0
6624,11975,1,0,0
6625,11977,1,0,0
6626,11947,1,0,0
6627,12032,5,"1130,00",0
6628,12024,1,0,0
6629,12043,2,"110,00",0
6630,12010,1,0,0
6631,11925,1,0,0
6632,11925,1,0,0
6633,11925,1,0,0
6634,12031,1,0,0
6635,11990,1,0,0
6636,11956,1,0,0
6637,11987,1,0,0
6638,11997,1,0,0
6639,12045,1,"460,00",0
6640,11976,1,0,0
6641,12016,1,0,0
6642,12015,1,0,0
6643,12028,1,0,0
6644,12033,1,0,0
6645,12033,1,0,0
6646,12033,1,0,0
6647,12034,1,0,0
6648,12034,1,0,0
6649,11966,1,0,0
6650,12046,1,"50,00",0
6651,12047,6,"420,00",0
6652,12004,1,0,0
6653,12049,5,"370,00",0
6654,12042,1,0,0
6655,11853,1,0,0
6656,11853,1,0,0
6657,11853,1,0,0
6658,11853,1,0,0
6659,11853,1,0,0
6660,11853,1,0,0
6661,12050,1,"160,00",0
6662,12051,5,"590,00",0
6663,12052,4,"50,00",0
6664,12053,3,"190,00",0
6665,12054,1,"450,00",0
6666,12044,1,0,0
6667,12014,1,0,0
6668,11991,1,0,0
6669,12055,6,"400,00",0
6670,12024,1,0,0
6671,12033,1,0,0
6672,12057,6,"560,00",0
6673,12058,1,0,0
6674,12058,1,0,0
6675,11955,1,0,0
6676,11955,1,0,0
6677,11975,1,0,0
6678,11977,1,0,0
6679,12010,1,0,0
6680,12044,1,0,0
6681,11911,1,0,0
6682,11911,1,0,0
6683,11911,1,0,0
6684,11579,1,0,0
6685,11905,1,0,0
6686,11905,1,0,0
6687,12060,8,"1260,00",0
6688,12016,1,0,0
6689,12015,1,0,0
6690,12061,1,"130,00",0
6691,12062,1,"250,00",0
6692,12028,1,0,0
6693,12063,1,0,0
6694,12063,1,0,0
6695,12065,3,"360,00",0
6696,12066,3,"330,00",0
6697,12067,1,0,0
6698,12042,1,0,0
6699,11997,1,0,0
6700,12007,1,0,0
6701,12034,1,0,0
6702,12048,1,0,0
6703,12064,1,0,0
6704,11767,1,0,0
6705,11767,1,0,0
6706,11767,1,0,0
6707,11767,1,0,0
6708,11767,1,0,0
6709,11767,1,0,0
6710,11767,1,0,0
6711,11767,1,0,0
6712,12068,1,0,0
6713,11737,1,0,0
6714,11737,1,0,0
6715,12031,1,0,0
6716,11983,1,0,0
6717,11983,1,0,0
6718,11983,1,0,0
6719,12056,1,0,0
6720,12058,1,0,0
6721,12014,1,0,0
6722,12069,1,"380,00",0
6723,12070,1,0,0
6724,12071,1,0,0
6725,12072,2,"90,00",0
6726,12073,1,0,0
6727,12024,1,0,0
6728,11990,1,0,0
6729,12015,1,0,0
6730,12016,1,0,0
6731,12063,1,0,0
6732,11987,1,0,0
6733,12007,1,0,0
6734,11997,1,0,0
6735,12068,1,0,0
6736,11956,1,0,0
6737,11968,1,0,0
6738,11968,1,0,0
6739,12010,1,0,0
6740,12031,1,0,0
6741,12028,1,0,0
6742,12034,1,0,0
6743,12004,1,0,0
6744,12004,1,0,0
6745,12014,1,0,0
6746,11975,1,0,0
6747,11977,1,0,0
6748,11905,1,0,0
6749,11905,1,0,0
6750,11948,1,0,0
6751,12058,1,0,0
6752,12042,1,0,0
6753,12075,1,"150,00",0
6754,12076,1,0,0
6755,12078,1,0,0
6756,12056,1,0,0
6757,12024,1,0,0
6758,12079,6,"500,00",0
6759,12080,1,0,0
6760,12016,1,0,0
6761,12081,1,"100,00",0
6762,12063,1,0,0
6763,11987,1,0,0
6764,12083,6,"60,00",0
6765,12084,7,"240,00",0
6766,12085,1,0,0
6767,12085,1,0,0
6768,12082,1,"700,00",0
6769,12086,1,0,0
6770,12087,1,0,0
6771,11925,1,0,0
6772,11968,1,0,0
6773,12058,1,0,0
6774,12031,1,0,0
6775,12088,1,0,0
6776,12089,1,0,0
6777,12028,1,0,0
6778,12078,1,0,0
6779,12064,1,0,0
6780,12074,1,0,0
6781,12090,1,"680,00",0
6782,11905,1,0,0
6783,11940,1,0,0
6784,11940,1,0,0
6785,12091,1,0,0
6786,12092,1,"360,00",0
6787,12016,1,0,0
6788,11991,1,0,0
6789,12071,1,0,0
6790,12070,1,0,0
6791,12070,1,0,0
6792,12086,1,0,0
6793,12056,1,0,0
6794,12088,1,0,0
6795,12091,1,0,0
6796,12073,1,0,0
6797,12073,1,0,0
6798,12089,1,0,0
6799,12042,1,0,0
6800,12042,1,0,0
6801,12095,1,"300,00",0
6802,12096,8,"310,00",0
6803,12097,1,0,0
6804,11941,1,0,0
6805,12067,1,0,0
6806,12098,1,0,0
6807,12099,1,0,0
6808,12100,2,"150,00",0
6809,12085,1,0,0
6810,12077,1,"215,00",0
6811,12094,1,"150,00",0
6812,12101,1,0,0
6813,12104,6,"450,00",0
6814,11987,1,0,0
6815,11940,1,0,0
6816,11940,1,0,0
6817,11940,1,0,0
6818,12087,1,0,0
6819,12068,1,0,0
6820,12063,1,0,0
6821,12102,1,0,0
6822,12089,1,0,0
6823,12105,1,"400,00",0
6824,11771,1,0,0
6825,12048,1,0,0
6826,12048,1,0,0
6827,12048,1,0,0
6828,12028,1,0,0
6829,12106,5,"920,00",0
6830,12107,4,"220,00",0
6831,12108,1,0,0
6832,12109,6,"680,00",0
6833,12044,1,0,0
6834,12044,1,0,0
6835,11808,1,0,0
6836,11808,1,0,0
6837,11808,1,0,0
6838,11918,1,0,0
6839,11918,1,0,0
6840,11918,1,0,0
6841,11918,1,0,0
6842,12070,1,0,0
6843,12071,1,0,0
6844,12110,1,"400,00",0
6845,12111,5,"70,00",0
6846,12112,1,"800,00",0
6847,12113,1,"270,00",0
6848,12103,1,0,0
6849,12088,1,0,0
6850,11947,1,0,0
6851,11971,1,0,0
6852,11971,1,0,0
6853,12091,1,0,0
6854,12097,1,0,0
6855,12117,6,"300,00",0
6856,12118,1,"120,00",0
6857,12119,1,0,0
6858,12064,1,0,0
6859,12067,1,0,0
6860,12078,1,0,0
6861,12121,3,"360,00",0
6862,12122,3,"130,00",0
6863,12123,5,"400,00",0
6864,12124,6,"590,00",0
6865,12125,5,"720,00",0
6866,12024,1,0,0
6867,12126,6,"330,00",0
6868,12127,1,0,0
6869,12129,1,"630,00",0
6870,12085,1,0,0
6871,12093,1,0,0
6872,12093,1,0,0
6873,12087,1,0,0
6874,12073,1,0,0
6875,12056,1,0,0
6876,12116,1,0,0
6877,12044,1,0,0
6878,12063,1,0,0
6879,12068,1,0,0
6880,11987,1,0,0
6881,12064,1,0,0
6882,12097,1,0,0
6883,12048,1,0,0
6884,12048,1,0,0
6885,12028,1,0,0
6886,12071,1,0,0
6887,12098,1,0,0
6888,12098,1,0,0
6889,12128,1,"410,00",0
6890,12119,1,0,0
6891,12073,1,0,0
6892,12102,1,0,0
6893,12086,1,0,0
6894,12056,1,0,0
6895,12080,1,0,0
6896,12080,1,0,0
6897,12080,1,0,0
6898,12080,1,0,0
6899,12080,1,0,0
6900,12130,1,0,0
6901,12130,1,0,0
6902,12024,1,0,0
6903,12131,1,0,0
6904,12131,1,0,0
6905,12131,1,0,0
6906,12130,1,0,0
6907,12130,1,0,0
6908,12132,1,0,0
6909,12089,1,0,0
6910,12089,1,0,0
6911,12089,1,0,0
6912,12071,1,0,0
6913,12071,1,0,0
6914,12048,1,0,0
6915,12133,6,"1050,00",0
6916,12134,1,"220,00",0
6917,12135,1,0,0
6918,12136,5,"50,00",0
6919,12137,1,0,0
6920,12139,1,"100,00",0
6921,12140,7,"442,00",0
6922,12141,1,"300,00",0
6923,12142,1,0,0
6924,12142,1,0,0
6925,12143,1,"1020,00",0
6926,12144,1,0,0
6927,12145,1,"200,00",0
6928,12147,1,"170,00",0
6929,12148,1,0,0
6930,12068,1,0,0
6931,12068,1,0,0
6932,12149,2,"110,00",0
6933,12151,1,"200,00",0
6934,12152,1,"150,00",0
6935,12153,1,"300,00",0
6936,12155,1,"220,00",0
6937,12156,1,"1000,00",0
6938,12157,1,"260,00",0