old_id,new_id,status,old_name,new_name,brand_old_id,brand_new_id,category
1,944,CREATED,Produto Indisponivel,Produto Indisponivel,1,335,ACCESSORY
8,8,EXISTING,ARMAÇÃO NYLON,ARMAÇÃO NYLON,5,5,FRAME
10,10,EXISTING,ARMAÇÃO BALGRIF,ARMAÇÃO BALGRIF,21,21,FRAME
18,18,EXISTING,OCULOS SOLAR PROSOL,OCULOS SOLAR PROSOL,13,13,FRAME
19,19,EXISTING,OCULOS SOLAR PIERRE CARDIN,OCULOS SOLAR PIERRE CARDIN,9,9,FRAME
21,21,EXISTING,SOLAR Z FORA DE LINHA,SOLAR Z FORA DE LINHA,38,38,FRAME
23,945,CREATED,SOLAR Z FORA DE LINHA,SOLAR Z FORA DE LINHA,67,337,FRAME
24,946,CREATED,SOLAR Z FORA DE LINHA,SOLAR Z FORA DE LINHA,2,2,FRAME
26,947,CREATED,SOLAR Z FORA DE LINHA,SOLAR Z FORA DE LINHA,68,68,FRAME
27,27,EXISTING,SOLAR MAXLINE,SOLAR MAXLINE,8,8,FRAME
28,948,CREATED,SOLAR Z FORA DE LINHA,SOLAR Z FORA DE LINHA,4,4,FRAME
30,949,CREATED,SOLAR Z FORA DE LINHA,SOLAR Z FORA DE LINHA,71,71,FRAME
31,31,EXISTING,OCULOS SOLAR LEMUD,OCULOS SOLAR LEMUD,72,72,FRAME
32,32,EXISTING,OCULOS SOLAR KRISTAL,OCULOS SOLAR KRISTAL,73,73,FRAME
33,33,EXISTING,SOLAR COROLLA,SOLAR COROLLA,5,5,FRAME
34,950,CREATED,SOLAR Z FORA DE LINHA,SOLAR Z FORA DE LINHA,74,74,FRAME
35,951,CREATED,SOLAR Z FORA DE LINHA,SOLAR Z FORA DE LINHA,75,75,FRAME
36,952,CREATED,SOLAR Z FORA DE LINHA,SOLAR Z FORA DE LINHA,76,76,FRAME
37,948,EXISTING,SOLAR Z FORA DE LINHA,SOLAR Z FORA DE LINHA,4,4,FRAME
40,40,EXISTING,LENTE P VIP/INC,LENTE P VIP/INC,64,64,LENS
41,41,EXISTING,LENTE P GT21.67/AR-MAR,LENTE P GT21.67/AR-MAR,63,63,LENS
42,42,EXISTING,LENTE P 1.50 ESPACE / INC.,LENTE P 1.50 ESPACE / INC.,60,60,LENS
43,43,EXISTING,LENTE P 1.50 ESPACE/TRANST,LENTE P 1.50 ESPACE/TRANST,60,60,LENS
44,953,CREATED,LENTE ARGOS 1.50 INC.,LENTE ARGOS 1.50 INC.,51,51,LENS
45,954,CREATED,LENTE ARGOS 1.50 AR CX,LENTE ARGOS 1.50 AR CX,51,51,LENS
47,47,EXISTING,LENTE GT2 PHOTOFUSION,LENTE GT2 PHOTOFUSION,63,63,LENS
48,48,EXISTING,LENTE P GT2/INC,LENTE P GT2/INC,63,63,LENS
49,49,EXISTING,LENTE P 1.50 ESPACE / AR,LENTE P 1.50 ESPACE / AR,60,60,LENS
50,50,EXISTING,LENTE P VIP/TRANST,LENTE P VIP/TRANST,64,64,LENS
51,51,EXISTING,LENTE P VIP/AR,LENTE P VIP/AR,64,64,LENS
54,54,EXISTING,LENTE P VARILUX LIB/INC,LENTE P VARILUX LIB/INC,60,60,LENS
55,55,EXISTING,LENTE P VARILUX LIB/CZ,LENTE P VARILUX LIB/CZ,60,60,LENS
56,56,EXISTING,VARILUX LIBERTY360 TRAN/CZ SAPPHIPE,VARILUX LIBERTY360 TRAN/CZ SAPPHIPE,60,60,LENS
57,57,EXISTING,LENTE VARILUX CONFORT MAX INC,LENTE VARILUX CONFORT MAX INC,60,60,LENS
58,58,EXISTING,VARILUX COMFORT MAX CZ SAPPHIRE,VARILUX COMFORT MAX CZ SAPPHIRE,60,60,LENS
59,59,EXISTING,LENTE P VARILUX CONF.TRAN/CZ,LENTE P VARILUX CONF.TRAN/CZ,60,60,LENS
60,60,EXISTING,LENTE Z FORA DE LINHA,LENTE Z FORA DE LINHA,128,128,LENS
70,955,CREATED,LENTE PR1.50 ARGOS TRANSIT,LENTE PR1.50 ARGOS TRANSIT,51,51,LENS
71,955,EXISTING,LENTE PR1.50 ARGOS TRANSIT,LENTE PR1.50 ARGOS TRANSIT,51,51,LENS
72,72,EXISTING,LENTE P NOLINE INC,LENTE P NOLINE INC,60,60,LENS
73,73,EXISTING,LENTE P NOLINE TRANS,LENTE P NOLINE TRANS,60,60,LENS
74,74,EXISTING,LENTE P 1.50 ESPACE TRAN/AR,LENTE P 1.50 ESPACE TRAN/AR,60,60,LENS
75,75,EXISTING,LENTE P 1.50 ESPACE TRANS VII/AR,LENTE P 1.50 ESPACE TRANS VII/AR,60,60,LENS
76,956,CREATED,LENTE PR1.50 ARGOS TF INC.,LENTE PR1.50 ARGOS TF INC.,51,51,LENS
77,77,EXISTING,ARMAÇÃO PLATINI,ARMAÇÃO PLATINI,4,4,FRAME
78,948,EXISTING,SOLAR Z FORA DE LINHA,SOLAR Z FORA DE LINHA,4,4,FRAME
79,957,CREATED,ARMAÇÃO NYLON,ARMAÇÃO NYLON,4,4,FRAME
80,958,CREATED,ARMAÇÃO Z FORA DE LINHA,ARMAÇÃO Z FORA DE LINHA,4,4,FRAME
81,959,CREATED,ARMAÇÃO NYLON,ARMAÇÃO NYLON,27,27,FRAME
83,960,CREATED,ARMAÇÃO NYLON,ARMAÇÃO NYLON,32,32,FRAME
84,961,CREATED,ARMAÇÃO NYLON,ARMAÇÃO NYLON,13,13,FRAME
85,962,CREATED,ARMAÇÃO Z FORA DE LINHA,ARMAÇÃO Z FORA DE LINHA,41,41,FRAME
86,86,EXISTING,ARMAÇÃO RAY BAN,ARMAÇÃO RAY BAN,41,41,FRAME
87,962,EXISTING,ARMAÇÃO Z FORA DE LINHA,ARMAÇÃO Z FORA DE LINHA,41,41,FRAME
88,963,CREATED,ARMAÇÃO TECNOL,ARMAÇÃO TECNOL,14,14,FRAME
89,964,CREATED,ARMAÇÃO ACETATO,ARMAÇÃO ACETATO,14,14,FRAME
90,965,CREATED,ARMAÇÃO INFANTIL DIVERSAS,ARMAÇÃO INFANTIL DIVERSAS,31,31,FRAME
91,966,CREATED,ARMAÇÃO NYLON,ARMAÇÃO NYLON,31,31,FRAME
92,967,CREATED,ARMAÇÃO ACETATO,ARMAÇÃO ACETATO,43,43,FRAME
93,968,CREATED,ARMAÇÃO NYLON,ARMAÇÃO NYLON,43,43,FRAME
94,969,CREATED,ARMAÇÃO NYLON,ARMAÇÃO NYLON,16,222,FRAME
95,95,EXISTING,ARMAÇÃO VOGUE,ARMAÇÃO VOGUE,39,39,FRAME
96,970,CREATED,ARMAÇÃO NYLON,ARMAÇÃO NYLON,30,30,FRAME
97,97,EXISTING,ARMAÇÃO NYLON FL,ARMAÇÃO NYLON FL,9,9,FRAME
98,98,EXISTING,ARMAÇÃO PIERRE CARDIN,ARMAÇÃO PIERRE CARDIN,9,9,FRAME
100,971,CREATED,ARMAÇÃO ACETATO,ARMAÇÃO ACETATO,6,6,FRAME
101,972,CREATED,ARMAÇÃO Z FORA DE LINHA,ARMAÇÃO Z FORA DE LINHA,8,8,FRAME
102,102,EXISTING,ARMAÇÃO MAXLINE,ARMAÇÃO MAXLINE,8,8,FRAME
103,103,EXISTING,ARMAÇÃO LUCIANA GIMENES,ARMAÇÃO LUCIANA GIMENES,29,29,FRAME
104,973,CREATED,ARMAÇÃO NYLON,ARMAÇÃO NYLON,29,29,FRAME
107,974,CREATED,ARMAÇÃO NYLON,ARMAÇÃO NYLON,36,36,FRAME
108,108,EXISTING,ARMAÇÃO COPACABANA,ARMAÇÃO COPACABANA,26,26,FRAME
109,975,CREATED,LENTE ARGOS 1.60 AR BC,LENTE ARGOS 1.60 AR BC,51,51,LENS
111,111,EXISTING,ARMAÇÃO JEAN MONIER,ARMAÇÃO JEAN MONIER,2,2,FRAME
112,112,EXISTING,LENTE VS1.49 ACABADA AR,LENTE VS1.49 ACABADA AR,83,83,LENS
113,887,EXISTING,LENTE VS1.53 SENSITY AR NR/BC,LENTE VS1.53 SENSITY AR NR/BC,51,51,LENS
114,976,CREATED,ARMAÇÃO NYLON,ARMAÇÃO NYLON,82,82,FRAME
120,120,EXISTING,COLOLAÇÃO CINZA DEGRADE,COLOLAÇÃO CINZA DEGRADE,84,84,ACCESSORY
121,977,CREATED,LENTE BIF. ULTEX TRANS IV,LENTE BIF. ULTEX TRANS IV,60,60,LENS
122,934,EXISTING,ARMAÇÃO JEAN PIERRE,ARMAÇÃO JEAN PIERRE,3,334,FRAME
123,123,EXISTING,LENTE VS1.50 TRANSIT C2,LENTE VS1.50 TRANSIT C2,51,51,LENS
125,125,EXISTING,LENTE VS1.49 ACABADA INC,LENTE VS1.49 ACABADA INC,64,64,LENS
126,978,CREATED,ARMAÇÃO NYLON,ARMAÇÃO NYLON,25,25,FRAME
127,979,CREATED,ARMAÇÃO NYLON,ARMAÇÃO NYLON,6,6,FRAME
128,980,CREATED,LENTE BIF. ULTEX INC,LENTE BIF. ULTEX INC,60,60,LENS
129,981,CREATED,LENTE BIF. BIOVIS INC,LENTE BIF. BIOVIS INC,60,60,LENS
130,982,CREATED,LENTE BIF. BIOVIS TRANT II,LENTE BIF. BIOVIS TRANT II,60,60,LENS
131,983,CREATED,ARMAÇÃO NYLON,ARMAÇÃO NYLON,72,72,FRAME
132,132,EXISTING,LENTE VS1.50 ACABADA AR C-4,LENTE VS1.50 ACABADA AR C-4,60,60,LENS
133,133,EXISTING,ARMAÇÃO BERINE,ARMAÇÃO BERINE,82,82,FRAME
134,134,EXISTING,LENTE VS1.50 INC,LENTE VS1.50 INC,60,60,LENS
135,135,EXISTING,ARMAÇÃO KEYPER,ARMAÇÃO KEYPER,40,40,FRAME
136,136,EXISTING,LENTE VS1.49 CRIZAL C-2,LENTE VS1.49 CRIZAL C-2,60,60,LENS
137,137,EXISTING,ARMAÇÃO LAVORATO,ARMAÇÃO LAVORATO,12,12,FRAME
138,138,EXISTING,ARMAÇÃO SIGNUS,ARMAÇÃO SIGNUS,85,85,FRAME
140,984,CREATED,ARMAÇÃO Z FORA DE LINHA,ARMAÇÃO Z FORA DE LINHA,39,39,FRAME
141,141,EXISTING,LENTE VS1.59 INC,LENTE VS1.59 INC,60,60,LENS
142,985,CREATED,SOLAR Z FORA DE LINHA,SOLAR Z FORA DE LINHA,29,29,FRAME
143,143,EXISTING,LENTE P 1.50 ESPACE PLUS AR,LENTE P 1.50 ESPACE PLUS AR,60,60,LENS
144,986,CREATED,ARMAÇÃO ACETATO,ARMAÇÃO ACETATO,25,25,FRAME
145,145,EXISTING,COLORAÇÃO CINZA SUAVE,COLORAÇÃO CINZA SUAVE,84,84,ACCESSORY
146,146,EXISTING,COLOLAÇÃO CINZA,COLOLAÇÃO CINZA,84,84,ACCESSORY
147,987,CREATED,COLORAÇÃO MORRON ESCURO,COLORAÇÃO MORRON ESCURO,1,335,ACCESSORY
148,148,EXISTING,LENTE VS1.50 SENSITY AR CE,LENTE VS1.50 SENSITY AR CE,51,51,LENS
149,988,CREATED,ARMAÇÃO NYLON,ARMAÇÃO NYLON,76,76,FRAME
150,989,CREATED,LENTE PR1.50 ARGOS TANSIT AR CE,LENTE PR1.50 ARGOS TANSIT AR CE,51,51,LENS
151,990,CREATED,ARMAÇÃO Z FORA DE LINHA,ARMAÇÃO Z FORA DE LINHA,3,334,FRAME
152,152,EXISTING,LENTE VS1.50 TRANSIT VII,LENTE VS1.50 TRANSIT VII,51,51,LENS
153,153,EXISTING,LENTE VS1.49 TRANSIT,LENTE VS1.49 TRANSIT,60,60,LENS
154,154,EXISTING,LENTE VS1.59 AR,LENTE VS1.59 AR,83,83,LENS
155,155,EXISTING,LENTE VS1.49 TRANST,LENTE VS1.49 TRANST,83,83,LENS
156,991,CREATED,LENTE VS1.49 ACABADA INC,LENTE VS1.49 ACABADA INC,83,83,LENS
157,992,CREATED,LENTE BIF. ULTEX TRANS VII,LENTE BIF. ULTEX TRANS VII,60,60,LENS
158,993,CREATED,LENTE BF BIOVIS INC,LENTE BF BIOVIS INC,60,60,LENS
159,159,EXISTING,OCULOS SOLAR LOUGGE,OCULOS SOLAR LOUGGE,33,33,FRAME
160,994,CREATED,LENTE P NOLINE INC,LENTE P NOLINE INC,79,79,LENS
161,161,EXISTING,LENTE P NOLINE FOTO,LENTE P NOLINE FOTO,79,79,LENS
162,995,CREATED,ARMAÇÃO NYLON,ARMAÇÃO NYLON,86,86,FRAME
163,894,EXISTING,ARMAÇÃO FOX,ARMAÇÃO FOX,10,10,FRAME
164,164,EXISTING,ARMAÇÃO POPULAR NYLON,ARMAÇÃO POPULAR NYLON,87,87,FRAME
165,996,CREATED,ARMAÇÃO ACETATO,ARMAÇÃO ACETATO,87,87,FRAME
166,166,EXISTING,ARMAÇÃO METAL,ARMAÇÃO METAL,87,87,FRAME
167,167,EXISTING,LENTE VS1.59 ACABADA INC C-2,LENTE VS1.59 ACABADA INC C-2,88,88,LENS
168,,PENDING,SOLDA,SOLDA,1,,
169,,PENDING,TROCA DE PLAQUETA,TROCA DE PLAQUETA,1,,
170,,PENDING,COLOCAÇAO DE PARAFUSOS,COLOCAÇAO DE PARAFUSOS,1,,
171,,PENDING,TROCA DE NYLON,TROCA DE NYLON,1,,
172,172,EXISTING,LENTE VS1.59 AR C-4,LENTE VS1.59 AR C-4,88,88,LENS
173,173,EXISTING,LENTE VS1.67 AR C3,LENTE VS1.67 AR C3,51,51,LENS
174,174,EXISTING,LENTE VS1.67 INC.,LENTE VS1.67 INC.,83,83,LENS
175,175,EXISTING,LENTE VS1.67 INC,LENTE VS1.67 INC,60,60,LENS
176,176,EXISTING,LENTE VS1.59 SURF / AR -10+6C-4,LENTE VS1.59 SURF / AR -10+6C-4,51,51,LENS
177,177,EXISTING,LENTE VS1.50 FOTO FUSION,LENTE VS1.50 FOTO FUSION,83,83,LENS
178,178,EXISTING,LENTE VS1.50 FOTO FUSION AR C-4,LENTE VS1.50 FOTO FUSION AR C-4,88,88,LENS
179,997,CREATED,LENTE VS1.49 ACABADA AR,LENTE VS1.49 ACABADA AR,88,88,LENS
180,998,CREATED,LENTE PR HAYTEK 1.50 ACAB AR,LENTE PR HAYTEK 1.50 ACAB AR,88,88,LENS
182,999,CREATED,LENTE P 1.50 ACABADA / AR,LENTE P 1.50 ACABADA / AR,89,89,LENS
183,183,EXISTING,LENTE VS1.50 ACABADA AR C-2,LENTE VS1.50 ACABADA AR C-2,89,89,LENS
184,184,EXISTING,ARMAÇÃO GRAZI,ARMAÇÃO GRAZI,38,38,FRAME
185,1000,CREATED,ARMAÇÃO ACETATO,ARMAÇÃO ACETATO,38,38,FRAME
187,187,EXISTING,LENTE P HOYALUX18WPTX1.53/T,LENTE P HOYALUX18WPTX1.53/T,51,51,LENS
188,188,EXISTING,LENTE P VIP TRANS/AR,LENTE P VIP TRANS/AR,64,64,LENS
189,189,EXISTING,LENTE P GT21.67/AR-PLATINUM,LENTE P GT21.67/AR-PLATINUM,63,63,LENS
190,1001,CREATED,ARMAÇÃO NYLON,ARMAÇÃO NYLON,90,90,FRAME
191,1002,CREATED,ARMAÇÃO NYLON,ARMAÇÃO NYLON,37,37,FRAME
192,1003,CREATED,SOLAR Z FORA DE LINHA,SOLAR Z FORA DE LINHA,33,33,FRAME
193,952,EXISTING,SOLAR Z FORA DE LINHA,SOLAR Z FORA DE LINHA,76,76,FRAME
195,1004,CREATED,ARMAÇÃO NYLON,ARMAÇÃO NYLON,93,93,FRAME
196,1005,CREATED,ARMAÇÃO ACETATO,ARMAÇÃO ACETATO,94,94,FRAME
198,976,EXISTING,ARMAÇÃO NYLON,ARMAÇÃO NYLON,82,82,FRAME
199,1006,CREATED,SALDO DEVEDOR 2014,SALDO DEVEDOR 2014,92,339,ACCESSORY
200,1007,CREATED,LENTE VS HAYTEK1.56 AR,LENTE VS HAYTEK1.56 AR,88,88,LENS
201,1008,CREATED,LENTE HOYA VS1.50 AR CE,LENTE HOYA VS1.50 AR CE,51,51,LENS
202,1009,CREATED,RENEGOCIAÇÃO,RENEGOCIAÇÃO,92,339,ACCESSORY
203,203,EXISTING,ARMAÇÃO DETROIT,ARMAÇÃO DETROIT,37,37,FRAME
204,1010,CREATED,ARMAÇÃO NYLON,ARMAÇÃO NYLON,94,94,FRAME
205,8,EXISTING,ARMAÇÃO NYLON,ARMAÇÃO NYLON,5,5,FRAME
206,206,EXISTING,JEAN MONIER SOLAR,JEAN MONIER SOLAR,2,2,FRAME
207,1011,CREATED,ARMAÇÃO NYLON,ARMAÇÃO NYLON,95,95,FRAME
208,1012,CREATED,ARMAÇÃO NYLON,ARMAÇÃO NYLON,42,42,FRAME
209,209,EXISTING,LENTE VS1.50 TRANSIT AR C4,LENTE VS1.50 TRANSIT AR C4,51,51,LENS
210,210,EXISTING,LENTE VS1.50 TRANSIT AR,LENTE VS1.50 TRANSIT AR,51,51,LENS
211,211,EXISTING,ARMAÇÃO DA VINCI,ARMAÇÃO DA VINCI,34,34,FRAME
212,212,EXISTING,LENTE VS1.49 TRANST AR,LENTE VS1.49 TRANST AR,83,83,LENS
213,213,EXISTING,ARMAÇÃO INTELECTUM,ARMAÇÃO INTELECTUM,18,18,FRAME
214,214,EXISTING,LENTE P HOYALUX18WP1.67T,LENTE P HOYALUX18WP1.67T,51,51,LENS
215,215,EXISTING,LENTE P HOYALUX18WP1.67T/AR,LENTE P HOYALUX18WP1.67T/AR,51,51,LENS
216,216,EXISTING,LENTE P HOYALUX WIDE BKS 1.67 SENSITY,LENTE P HOYALUX WIDE BKS 1.67 SENSITY,51,51,LENS
217,217,EXISTING,LENTE HOYALUX WIDE BKS 1.53 TRANSIT AR,LENTE HOYALUX WIDE BKS 1.53 TRANSIT AR,51,51,LENS
218,218,EXISTING,LENTE P HOYALUX18WP1.5/I,LENTE P HOYALUX18WP1.5/I,51,51,LENS
219,1013,CREATED,LENTE PROG. HOYALUX18P1.5/AR,LENTE PROG. HOYALUX18P1.5/AR,1,335,LENS
220,220,EXISTING,LENTE P HOYALUX18WP1.5/T,LENTE P HOYALUX18WP1.5/T,51,51,LENS
221,221,EXISTING,LENTE P HOYALUX18WP1.5T/AR,LENTE P HOYALUX18WP1.5T/AR,51,51,LENS
222,222,EXISTING,LENTE P HOYALUX18WPTX1.53/I,LENTE P HOYALUX18WPTX1.53/I,51,51,LENS
223,223,EXISTING,LENTE P HOYALUX18WPTX1.53/AR,LENTE P HOYALUX18WPTX1.53/AR,51,51,LENS
224,224,EXISTING,LENTE P HOYALUX18WP1.53TX/T,LENTE P HOYALUX18WP1.53TX/T,51,51,LENS
225,225,EXISTING,LENTE P HOYALUX18WP1.53TX T/AR,LENTE P HOYALUX18WP1.53TX T/AR,51,51,LENS
226,226,EXISTING,LENTE P HOYALUX18WP1.67 INC,LENTE P HOYALUX18WP1.67 INC,51,51,LENS
227,227,EXISTING,LENTE P HOYALUX18WP1.67/AR,LENTE P HOYALUX18WP1.67/AR,51,51,LENS
228,1014,CREATED,LENTE HOYALUX14S1.5,LENTE HOYALUX14S1.5,1,335,LENS
229,229,EXISTING,LENTE HOYALUX WIDE BKS 1.50 INC,LENTE HOYALUX WIDE BKS 1.50 INC,51,51,LENS
230,1015,CREATED,LENTE HOYALUX14S1.5/AR,LENTE HOYALUX14S1.5/AR,1,335,LENS
231,1016,CREATED,LENTE PR DAYNAMIC1.5 AR CX,LENTE PR DAYNAMIC1.5 AR CX,51,51,LENS
232,232,EXISTING,LENTE HOYALUX WIDE BKS PRO 1.50 SENSITY AR CX,LENTE HOYALUX WIDE BKS PRO 1.50 SENSITY AR CX,51,51,LENS
233,1017,CREATED,LENTE PR DAYNAMIC1.5 SENSITY AR CX,LENTE PR DAYNAMIC1.5 SENSITY AR CX,51,51,LENS
234,234,EXISTING,LENTE HOYALUX WIDE BKS 1.53 TVX INC,LENTE HOYALUX WIDE BKS 1.53 TVX INC,51,51,LENS
235,235,EXISTING,LENTE HOYALUX WIDE BKS 1.53 SENSITY,LENTE HOYALUX WIDE BKS 1.53 SENSITY,51,51,LENS
236,236,EXISTING,LENTE HOYALUX WIDE BKS 1.53 SENSITY AR,LENTE HOYALUX WIDE BKS 1.53 SENSITY AR,51,51,LENS
237,237,EXISTING,LENTE P HOYALUX WIDE BKS 1.67 INC,LENTE P HOYALUX WIDE BKS 1.67 INC,51,51,LENS
238,1018,CREATED,LENTE PR1.67 HOYALUX WIDE BKS AR,LENTE PR1.67 HOYALUX WIDE BKS AR,51,51,LENS
239,239,EXISTING,LENTE P HOYALUX18W1.5 /I,LENTE P HOYALUX18W1.5 /I,51,51,LENS
240,240,EXISTING,LENTE P HOYALUX WIDE VXT 1.67 SENSITY,LENTE P HOYALUX WIDE VXT 1.67 SENSITY,51,51,LENS
241,241,EXISTING,LENTE P HOYALUX18W1.5 / T,LENTE P HOYALUX18W1.5 / T,51,51,LENS
242,242,EXISTING,LENTE P HOYALUX18W1.5 T/AR,LENTE P HOYALUX18W1.5 T/AR,51,51,LENS
243,243,EXISTING,LENTE P HOYALUX18WTX1.53/I,LENTE P HOYALUX18WTX1.53/I,51,51,LENS
244,244,EXISTING,LENTE P HOYALUX18WTX1.53/AR,LENTE P HOYALUX18WTX1.53/AR,51,51,LENS
245,245,EXISTING,LENTE P HOYALUX18WTX1.53/T,LENTE P HOYALUX18WTX1.53/T,51,51,LENS
246,246,EXISTING,LENTE P HOYALUX18WTX1.53 T/AR,LENTE P HOYALUX18WTX1.53 T/AR,51,51,LENS
247,1019,CREATED,LENTE PR1.53 ARGOS INC.,LENTE PR1.53 ARGOS INC.,51,51,LENS
248,1020,CREATED,LENTE PR1.53 ARGOS AR,LENTE PR1.53 ARGOS AR,51,51,LENS
249,1021,CREATED,LENTE PR1.53 ARGOS TRANSIT,LENTE PR1.53 ARGOS TRANSIT,51,51,LENS
250,1022,CREATED,LENTE PR1.53 ARGOS TRANSIT AR,LENTE PR1.53 ARGOS TRANSIT AR,51,51,LENS
251,1023,CREATED,LENTE PR1.59 ARGOS INC.,LENTE PR1.59 ARGOS INC.,51,51,LENS
252,1024,CREATED,LENTE ARGOS 1.59 AR NR BC,LENTE ARGOS 1.59 AR NR BC,51,51,LENS
253,1025,CREATED,LENTE ARGOS 1.60 INC.,LENTE ARGOS 1.60 INC.,51,51,LENS
254,1026,CREATED,LENTE ARGOS 1.60 AR CX,LENTE ARGOS 1.60 AR CX,51,51,LENS
255,1027,CREATED,LENTE P HOYALUX22GP1.5/ I,LENTE P HOYALUX22GP1.5/ I,51,51,LENS
256,1028,CREATED,LENTE P HOYALUX22GP1.5/ AR,LENTE P HOYALUX22GP1.5/ AR,51,51,LENS
257,1029,CREATED,LENTE PR1.50 ARGOS TF TRANSIT AR,LENTE PR1.50 ARGOS TF TRANSIT AR,51,51,LENS
258,1030,CREATED,LENTE PR1.53 ARGOS TF INC.,LENTE PR1.53 ARGOS TF INC.,51,51,LENS
259,1031,CREATED,LENTE PR1.53 ARGOS TF AR,LENTE PR1.53 ARGOS TF AR,51,51,LENS
260,1032,CREATED,LENTE PR1.53 ARGOS TF TRANSIT AR,LENTE PR1.53 ARGOS TF TRANSIT AR,51,51,LENS
261,1033,CREATED,LENTE PR1.53 ARGOS TF TRANSIT,LENTE PR1.53 ARGOS TF TRANSIT,51,51,LENS
262,1034,CREATED,LENTE ARGOS 1.60 AR NR BC,LENTE ARGOS 1.60 AR NR BC,51,51,LENS
263,1035,CREATED,LENTE PR1.50 ARGOS TF AR,LENTE PR1.50 ARGOS TF AR,51,51,LENS
264,1036,CREATED,LENTE BIF. BIOVIS TRANST IV,LENTE BIF. BIOVIS TRANST IV,60,60,LENS
265,265,EXISTING,LENTE VS1.67 STYLIS CRIZAL C4,LENTE VS1.67 STYLIS CRIZAL C4,60,60,LENS
266,266,EXISTING,LENTE VS1.74 STYLIS CRIZAL C4,LENTE VS1.74 STYLIS CRIZAL C4,60,60,LENS
267,267,EXISTING,LENTE VS1.67 STYLIS CRIZAL C2,LENTE VS1.67 STYLIS CRIZAL C2,60,60,LENS
268,268,EXISTING,LENTE VS1.74 STYLIS1.74 CRIZAL C2,LENTE VS1.74 STYLIS1.74 CRIZAL C2,60,60,LENS
269,1037,CREATED,LENTE VS STYLIS1.67CZ4 TRANT,LENTE VS STYLIS1.67CZ4 TRANT,1,335,LENS
270,270,EXISTING,LENTE VS1.67 STYLIS TRANSIT CRIZAL C4,LENTE VS1.67 STYLIS TRANSIT CRIZAL C4,60,60,LENS
271,271,EXISTING,LENTE VS1.59 TRANS CRIZAL C4,LENTE VS1.59 TRANS CRIZAL C4,60,60,LENS
272,272,EXISTING,LENTE VS1.49 CRIZAL C-4,LENTE VS1.49 CRIZAL C-4,60,60,LENS
273,273,EXISTING,LENTE VS1.49 TRANT VII CRIZAL C-2,LENTE VS1.49 TRANT VII CRIZAL C-2,60,60,LENS
274,274,EXISTING,LENTE VS1.59 TRANT VII C2,LENTE VS1.59 TRANT VII C2,60,60,LENS
275,136,EXISTING,LENTE VS1.49 CRIZAL C-2,LENTE VS1.49 CRIZAL C-2,60,60,LENS
276,276,EXISTING,LENTE VS1.49 TRANT VII CRIZAL C-4,LENTE VS1.49 TRANT VII CRIZAL C-4,60,60,LENS
277,277,EXISTING,LENTE VS1.49 TRANT VII C-2,LENTE VS1.49 TRANT VII C-2,60,60,LENS
278,278,EXISTING,LENTE VS1.74 STYLIS CRIZAL C6,LENTE VS1.74 STYLIS CRIZAL C6,60,60,LENS
279,279,EXISTING,LENTE VS1.67 STYLIS TRANSIT CRIZAL C6,LENTE VS1.67 STYLIS TRANSIT CRIZAL C6,60,60,LENS
280,280,EXISTING,LENTE VS1.67 STYLIS CRIZAL C6,LENTE VS1.67 STYLIS CRIZAL C6,60,60,LENS
281,281,EXISTING,LENTE VS1.59 TRANSIT CRIZAL C6,LENTE VS1.59 TRANSIT CRIZAL C6,60,60,LENS
282,282,EXISTING,LENTE VS1.59 TRANS C6,LENTE VS1.59 TRANS C6,60,60,LENS
283,283,EXISTING,LENTE VS1.59 CRIZAL C6,LENTE VS1.59 CRIZAL C6,60,60,LENS
284,284,EXISTING,LENTE VS1.59 INC C-6,LENTE VS1.59 INC C-6,60,60,LENS
285,285,EXISTING,LENTE VS1.49 TRANST CRIZAL C-6,LENTE VS1.49 TRANST CRIZAL C-6,60,60,LENS
286,286,EXISTING,LENTE VS1.49 TRANT C-6,LENTE VS1.49 TRANT C-6,60,60,LENS
287,287,EXISTING,LENTE VARILUX CONF1.5 CRIZAL EASY PRO,LENTE VARILUX CONF1.5 CRIZAL EASY PRO,60,60,LENS
288,288,EXISTING,LENTE VARILUX PHYSIO CZ EASY PRO,LENTE VARILUX PHYSIO CZ EASY PRO,60,60,LENS
289,289,EXISTING,LENTE P VARILUX POLY T/CZ,LENTE P VARILUX POLY T/CZ,60,60,LENS
290,290,EXISTING,LENTE P VARILUX CONF POLY TRAN,LENTE P VARILUX CONF POLY TRAN,60,60,LENS
291,291,EXISTING,LENTE P VARILUX POLY POLARZ/CZ,LENTE P VARILUX POLY POLARZ/CZ,60,60,LENS
292,292,EXISTING,LENTE P VARILUX POLY POLARZ/INC,LENTE P VARILUX POLY POLARZ/INC,60,60,LENS
293,293,EXISTING,LENTE P VARILUX POLY/CZ,LENTE P VARILUX POLY/CZ,60,60,LENS
294,294,EXISTING,LENTE VARILUX LIBET360 POLY TRANST CZ SAPPHIRE,LENTE VARILUX LIBET360 POLY TRANST CZ SAPPHIRE,60,60,LENS
295,1038,CREATED,LENTE VARILUX TRANS,LENTE VARILUX TRANS,1,335,LENS
296,296,EXISTING,LENTE P VARILUX LIB POLY/CZ,LENTE P VARILUX LIB POLY/CZ,60,60,LENS
297,297,EXISTING,LENTE P VARILUX POLY/INC,LENTE P VARILUX POLY/INC,60,60,LENS
298,298,EXISTING,LENTE P VARILUX LIB POLY T/CZ,LENTE P VARILUX LIB POLY T/CZ,60,60,LENS
299,299,EXISTING,LENTE P VARILUX LIB POLY/INC,LENTE P VARILUX LIB POLY/INC,60,60,LENS
300,998,EXISTING,LENTE PR HAYTEK 1.50 ACAB AR,LENTE PR HAYTEK 1.50 ACAB AR,88,88,LENS
301,1039,CREATED,LENTE BIF. ULTEX TRANT II,LENTE BIF. ULTEX TRANT II,60,60,LENS
302,302,EXISTING,LENTE P GT2/AR-MAR,LENTE P GT2/AR-MAR,63,63,LENS
303,303,EXISTING,LENTE PR ZEISS GT21.59 FOTOFUSION AR DURAV CHROME UV,LENTE PR ZEISS GT21.59 FOTOFUSION AR DURAV CHROME UV,63,63,LENS
304,304,EXISTING,LENTE P GT2 POLY/AR-PLATINUM,LENTE P GT2 POLY/AR-PLATINUM,63,63,LENS
305,305,EXISTING,LENTE P 1.50 GT2 FOTO/AR-PLATINUM,LENTE P 1.50 GT2 FOTO/AR-PLATINUM,63,63,LENS
306,306,EXISTING,LENTE GT2 1.60 AR DURAVISION CHROME UV,LENTE GT2 1.60 AR DURAVISION CHROME UV,63,63,LENS
307,307,EXISTING,LENTE P GT2/AR-PLATINUM,LENTE P GT2/AR-PLATINUM,63,63,LENS
308,308,EXISTING,LENTE P GT21.67 FOTO/AR-PLATINUM,LENTE P GT21.67 FOTO/AR-PLATINUM,63,63,LENS
309,309,EXISTING,LENTE P GT2 POLY FOTO/INC,LENTE P GT2 POLY FOTO/INC,63,63,LENS
310,310,EXISTING,LENTE P GT21.67 FOTO/AR-MAR,LENTE P GT21.67 FOTO/AR-MAR,63,63,LENS
311,311,EXISTING,LENTE P GT2 POLY FOTO/AR-MAR,LENTE P GT2 POLY FOTO/AR-MAR,63,63,LENS
312,312,EXISTING,LENTE P 1.50 GT2 FOTO/AR-MAR,LENTE P 1.50 GT2 FOTO/AR-MAR,63,63,LENS
313,313,EXISTING,LENTE P GT2 POLY AR-MAR,LENTE P GT2 POLY AR-MAR,63,63,LENS
314,1040,CREATED,VARILUX LIBERTY ORMA CRIZAL EASY PRO,VARILUX LIBERTY ORMA CRIZAL EASY PRO,81,338,LENS
315,1041,CREATED,LENTE P VARILUX LIB TAN/INC,LENTE P VARILUX LIB TAN/INC,81,338,LENS
316,316,EXISTING,LENTE VS1.59 ACABADA AR,LENTE VS1.59 ACABADA AR,60,60,LENS
317,317,EXISTING,ARMAÇÃO SEGURANÇA,ARMAÇÃO SEGURANÇA,96,96,FRAME
318,318,EXISTING,OCULOS SOLAR DETROIT,OCULOS SOLAR DETROIT,37,37,FRAME
319,319,EXISTING,LENTE VS1.53 ACABADA AR -6+3C-2,LENTE VS1.53 ACABADA AR -6+3C-2,51,51,LENS
320,320,EXISTING,LENTE VS1.53 ACABADA TRANSIT AR C-2,LENTE VS1.53 ACABADA TRANSIT AR C-2,51,51,LENS
321,321,EXISTING,LENTE VS1.53 ACABADA AR +6-6C-2,LENTE VS1.53 ACABADA AR +6-6C-2,51,51,LENS
322,322,EXISTING,LENTE VS1.53 ACABADA INC C-2,LENTE VS1.53 ACABADA INC C-2,51,51,LENS
323,323,EXISTING,LENTE VS1.53 ACABADA TRANSIT C-2,LENTE VS1.53 ACABADA TRANSIT C-2,51,51,LENS
324,1042,CREATED,ARMAÇÃO Z FORA DE LINHA,ARMAÇÃO Z FORA DE LINHA,40,40,FRAME
325,325,EXISTING,"LENTE P SOLAMAX1,67 E-12+8C-4/INC","LENTE P SOLAMAX1,67 E-12+8C-4/INC",64,64,LENS
326,1043,CREATED,ARMAÇÃO METAL,ARMAÇÃO METAL,82,82,FRAME
327,327,EXISTING,LENTE PR GRAND VIEW1.5 TRANSITIONS,LENTE PR GRAND VIEW1.5 TRANSITIONS,60,60,LENS
328,328,EXISTING,LENTE PR GRAND VIEW1.5 AR,LENTE PR GRAND VIEW1.5 AR,60,60,LENS
329,329,EXISTING,LENTE GRAND VIEW 1.50 INC,LENTE GRAND VIEW 1.50 INC,60,60,LENS
330,330,EXISTING,LENTE PR GRAND VIEW1.5 TRANSITIOS AR,LENTE PR GRAND VIEW1.5 TRANSITIOS AR,60,60,LENS
331,331,EXISTING,LENTE P 1.53 GRAND VIEW / AR,LENTE P 1.53 GRAND VIEW / AR,60,60,LENS
332,332,EXISTING,LENTE P 1.53 GRAND VIEW / INC,LENTE P 1.53 GRAND VIEW / INC,60,60,LENS
333,333,EXISTING,LENTE P 1.53 GRAND VIEW / TRANT,LENTE P 1.53 GRAND VIEW / TRANT,60,60,LENS
334,334,EXISTING,LENTE P 1.53 GRAND VIEW TRANT / AR,LENTE P 1.53 GRAND VIEW TRANT / AR,60,60,LENS
335,335,EXISTING,ARMAÇÃO HAGNUS,ARMAÇÃO HAGNUS,22,22,FRAME
336,990,EXISTING,ARMAÇÃO Z FORA DE LINHA,ARMAÇÃO Z FORA DE LINHA,3,334,FRAME
337,337,EXISTING,LENTE VS1.59 AR C-2,LENTE VS1.59 AR C-2,88,88,LENS
338,338,EXISTING,OCULOS SOLAR PAOLA PIOVANI,OCULOS SOLAR PAOLA PIOVANI,74,74,FRAME
339,339,EXISTING,LENTE VS1.53 SURF AR +8-10C4,LENTE VS1.53 SURF AR +8-10C4,51,51,LENS
340,340,EXISTING,OCULOS DE LEITURA,OCULOS DE LEITURA,97,97,FRAME
341,341,EXISTING,LENTE VS1.50 TRANT AR,LENTE VS1.50 TRANT AR,63,63,LENS
342,1044,CREATED,ATUALIZAR PRODUTO1,ATUALIZAR PRODUTO1,104,341,ACCESSORY
343,1045,CREATED,ARMAÇÃO METAL,ARMAÇÃO METAL,4,4,FRAME
345,345,EXISTING,VARILUX COMFORT MAX ORMA BLUE UV TGEN8 CRZ EASY PRO,VARILUX COMFORT MAX ORMA BLUE UV TGEN8 CRZ EASY PRO,60,60,LENS
346,1046,CREATED,LENTE AMPLUS 1.50 AR CE,LENTE AMPLUS 1.50 AR CE,51,51,LENS
347,347,EXISTING,LENTE VS1.49 TRANS C4,LENTE VS1.49 TRANS C4,83,83,LENS
348,348,EXISTING,LENTE VS1.49 TRANSIT C4,LENTE VS1.49 TRANSIT C4,51,51,LENS
349,349,EXISTING,ARMAÇÃO DIOCULOS,ARMAÇÃO DIOCULOS,24,24,FRAME
350,350,EXISTING,LENTE P 1.50 ESPACE/TRANT III,LENTE P 1.50 ESPACE/TRANT III,60,60,LENS
351,351,EXISTING,LENTE P 1.50 ESPACE/TRANS III,LENTE P 1.50 ESPACE/TRANS III,60,60,LENS
352,352,EXISTING,LENTE VS1.49 ACABADA AR C-2,LENTE VS1.49 ACABADA AR C-2,60,60,LENS
353,353,EXISTING,LENTE VS1.56 ACABADA AR C-4,LENTE VS1.56 ACABADA AR C-4,60,60,LENS
354,1047,CREATED,LENTE AMPLUS 1.53 INCOLOR,LENTE AMPLUS 1.53 INCOLOR,51,51,LENS
355,1048,CREATED,LENTE AMPLUS 1.50 SENSITY AR,LENTE AMPLUS 1.50 SENSITY AR,51,51,LENS
356,356,EXISTING,LENTE VS1.59 SURF TRANT AR A. I.,LENTE VS1.59 SURF TRANT AR A. I.,60,60,LENS
357,357,EXISTING,LENTE VS1.67 TRANSIT AR,LENTE VS1.67 TRANSIT AR,60,60,LENS
358,358,EXISTING,LENTE VS1.67 TRANSIT / AR,LENTE VS1.67 TRANSIT / AR,51,51,LENS
359,359,EXISTING,ARMAÇÃO KEEPER,ARMAÇÃO KEEPER,99,99,FRAME
360,1049,CREATED,ARMAÇÃO NYLON,ARMAÇÃO NYLON,99,99,FRAME
361,1050,CREATED,ARMAÇÃO METAL,ARMAÇÃO METAL,16,222,FRAME
362,1042,EXISTING,ARMAÇÃO Z FORA DE LINHA,ARMAÇÃO Z FORA DE LINHA,40,40,FRAME
363,363,EXISTING,ARMAÇÃO DI VITTORE,ARMAÇÃO DI VITTORE,100,100,FRAME
364,1051,CREATED,LENTE AMPLUS 1.50 INC,LENTE AMPLUS 1.50 INC,51,51,LENS
365,1052,CREATED,LENTE AMPLUS 1.50 SENSITY,LENTE AMPLUS 1.50 SENSITY,51,51,LENS
366,1053,CREATED,LENTE HOYA VS1.50 SENSITY AR CX,LENTE HOYA VS1.50 SENSITY AR CX,51,51,LENS
367,1054,CREATED,LENTE HOYA VS1.50 SENSITY,LENTE HOYA VS1.50 SENSITY,51,51,LENS
368,368,EXISTING,COLORAÇAO ROSA,COLORAÇAO ROSA,84,84,ACCESSORY
369,369,EXISTING,COLORAÇÃO AZUL,COLORAÇÃO AZUL,84,84,ACCESSORY
370,370,EXISTING,LENTE VS1.59 TRANSIT C-4,LENTE VS1.59 TRANSIT C-4,83,83,LENS
371,371,EXISTING,LENTE VS1.59 SURF TRAN C-4,LENTE VS1.59 SURF TRAN C-4,88,88,LENS
372,1055,CREATED,SOLAR Z FORA DE LINHA,SOLAR Z FORA DE LINHA,99,99,FRAME
373,1056,CREATED,LENTE VS1.50 HOYA AR LL/BC,LENTE VS1.50 HOYA AR LL/BC,51,51,LENS
374,374,EXISTING,LENTE VS1.53 ACABADA AR BC C-2,LENTE VS1.53 ACABADA AR BC C-2,51,51,LENS
375,1057,CREATED,ARMAÇÃO METAL,ARMAÇÃO METAL,99,99,FRAME
376,1058,CREATED,LENTE HOYA VS1.50  AR BLUE,LENTE HOYA VS1.50  AR BLUE,51,51,LENS
377,377,EXISTING,LENTE VS1.53 AR BLUE +4-4C-2,LENTE VS1.53 AR BLUE +4-4C-2,51,51,LENS
378,378,EXISTING,LENTE VS1.59 SURF AR BLUE CONTROL C-4,LENTE VS1.59 SURF AR BLUE CONTROL C-4,51,51,LENS
379,1059,CREATED,LENTE HOYA VS1.50 SENSITY AR LL UV CONTROL,LENTE HOYA VS1.50 SENSITY AR LL UV CONTROL,51,51,LENS
380,1060,CREATED,LENTE VS1.50 HOYA SENSITY NR/BC,LENTE VS1.50 HOYA SENSITY NR/BC,51,51,LENS
381,381,EXISTING,LENTE PR ARGOS1.5 SENSITY ORIGINAL,LENTE PR ARGOS1.5 SENSITY ORIGINAL,51,51,LENS
382,1061,CREATED,LENTE ARGOS 1.50 SENSITY AR CX,LENTE ARGOS 1.50 SENSITY AR CX,51,51,LENS
383,1062,CREATED,LENTE ARGOS 1.53 SENSITY,LENTE ARGOS 1.53 SENSITY,51,51,LENS
384,1063,CREATED,LENTE ARGOS 1.53 SENSITY AR CX,LENTE ARGOS 1.53 SENSITY AR CX,51,51,LENS
385,1064,CREATED,ARMAÇÃO Z FORA DE LINHA,ARMAÇÃO Z FORA DE LINHA,101,101,FRAME
386,386,EXISTING,LENTE VS1.50 INC PLANA,LENTE VS1.50 INC PLANA,79,79,LENS
387,387,EXISTING,OCULOS SOLAR KEYPER,OCULOS SOLAR KEYPER,40,40,FRAME
388,388,EXISTING,OCULOS SOLAR TOP LINE,OCULOS SOLAR TOP LINE,102,102,FRAME
389,1065,CREATED,SOLAR Z FORA DE LINHA,SOLAR Z FORA DE LINHA,102,102,FRAME
390,390,EXISTING,OCULOS DESATIVADO,OCULOS DESATIVADO,40,40,FRAME
391,1065,EXISTING,SOLAR Z FORA DE LINHA,SOLAR Z FORA DE LINHA,102,102,FRAME
392,392,EXISTING,LENTE P VARILUX CONF/EASY CLEAN,LENTE P VARILUX CONF/EASY CLEAN,60,60,LENS
393,393,EXISTING,LENTE DE CONTATO GRAU INC,LENTE DE CONTATO GRAU INC,103,103,LENS
396,1066,CREATED,LENTE DE CONTATO PLANA COLORIDA,LENTE DE CONTATO PLANA COLORIDA,1,335,LENS
397,1067,CREATED,ARMAÇÃO Z FORA DE LINHA,ARMAÇÃO Z FORA DE LINHA,82,82,FRAME
398,1068,CREATED,LENTE ARGOS 1.59 SENSITY AR CX,LENTE ARGOS 1.59 SENSITY AR CX,51,51,LENS
399,1069,CREATED,LENTE ARGOS 1.59 SENSITY,LENTE ARGOS 1.59 SENSITY,51,51,LENS
400,1064,EXISTING,ARMAÇÃO Z FORA DE LINHA,ARMAÇÃO Z FORA DE LINHA,101,101,FRAME
401,1042,EXISTING,ARMAÇÃO Z FORA DE LINHA,ARMAÇÃO Z FORA DE LINHA,40,40,FRAME
402,1070,CREATED,ARMAÇÃO ACETATO,ARMAÇÃO ACETATO,35,35,FRAME
403,1067,EXISTING,ARMAÇÃO Z FORA DE LINHA,ARMAÇÃO Z FORA DE LINHA,82,82,FRAME
404,976,EXISTING,ARMAÇÃO NYLON,ARMAÇÃO NYLON,82,82,FRAME
406,1071,CREATED,ARMAÇÃO Z FORA DE LINHA,ARMAÇÃO Z FORA DE LINHA,105,105,FRAME
407,407,EXISTING,ARMAÇÃO FLEX,ARMAÇÃO FLEX,23,23,FRAME
408,408,EXISTING,LENTE VS1.67 FOTOFUSION/AR -18+12C-4,LENTE VS1.67 FOTOFUSION/AR -18+12C-4,88,88,LENS
409,409,EXISTING,LENTE VS1.50 SOLAR CINZA,LENTE VS1.50 SOLAR CINZA,106,106,FRAME
410,410,EXISTING,LENTE VS1.50 PLANA B8 CINZA ESCURO,LENTE VS1.50 PLANA B8 CINZA ESCURO,106,106,LENS
411,411,EXISTING,COLORAÇÃO AZUL SUAVE,COLORAÇÃO AZUL SUAVE,84,84,ACCESSORY
412,1072,CREATED,LENTE VS1.67 HOYA AR,LENTE VS1.67 HOYA AR,51,51,LENS
413,413,EXISTING,LENTE VS1.74 ACABADA AR C-2,LENTE VS1.74 ACABADA AR C-2,51,51,LENS
414,414,EXISTING,LENTE VS1.74 SURF AR,LENTE VS1.74 SURF AR,51,51,LENS
415,1073,CREATED,LENTE PR1.50 ARGOS SOLAR,LENTE PR1.50 ARGOS SOLAR,51,51,FRAME
416,1074,CREATED,ARMAÇÃO PROMOÇÃO ZF,ARMAÇÃO PROMOÇÃO ZF,108,342,FRAME
418,1075,CREATED,NOVO ACORDO - OSMARIA,NOVO ACORDO - OSMARIA,109,341,ACCESSORY
419,1076,CREATED,ARMAÇÃO BALGRIF,ARMAÇÃO BALGRIF,24,24,FRAME
420,1077,CREATED,LENTE AMPLUS 1.59 INCOLOR,LENTE AMPLUS 1.59 INCOLOR,51,51,LENS
421,1078,CREATED,LENTE ARGOS 1.50 AR BC,LENTE ARGOS 1.50 AR BC,51,51,LENS
422,422,EXISTING,LENTE VS1.50 PLANA MARRON,LENTE VS1.50 PLANA MARRON,106,106,LENS
423,423,EXISTING,LENTE HOYALUX ID LIFE STYLE 1.50 AR CE,LENTE HOYALUX ID LIFE STYLE 1.50 AR CE,51,51,LENS
424,1079,CREATED,LENTE OCUPACIONAL DESKTOP PREMIUM1.50,LENTE OCUPACIONAL DESKTOP PREMIUM1.50,51,51,LENS
425,425,EXISTING,LENTE VS1.59 ACABADA INC,LENTE VS1.59 ACABADA INC,83,83,LENS
426,426,EXISTING,LENTE VS1.74 SURF INCOLOR,LENTE VS1.74 SURF INCOLOR,83,83,LENS
427,427,EXISTING,LENTE VS1.67 ANTIRRISCO,LENTE VS1.67 ANTIRRISCO,110,110,LENS
428,428,EXISTING,LENTE VS1.74 SURF INC,LENTE VS1.74 SURF INC,110,110,LENS
429,429,EXISTING,"LENTE VS1.67 INC. E-25,00 C-2,00","LENTE VS1.67 INC. E-25,00 C-2,00",60,60,LENS
430,1080,CREATED,ARMAÇÃO ACETATO,ARMAÇÃO ACETATO,111,111,FRAME
431,431,EXISTING,LENTE VS1.59 SURF TRANST AR A.I.,LENTE VS1.59 SURF TRANST AR A.I.,88,88,LENS
436,436,EXISTING,LENTE P 1.56 FOTO AR,LENTE P 1.56 FOTO AR,106,106,LENS
437,437,EXISTING,LENTE VS1.49 SOLAR ESPELHADA,LENTE VS1.49 SOLAR ESPELHADA,106,106,FRAME
438,1081,CREATED,ARMAÇÃO NYLON,ARMAÇÃO NYLON,11,11,FRAME
439,439,EXISTING,LENTE HOYALUX WIDE BKS 1.53 AR,LENTE HOYALUX WIDE BKS 1.53 AR,51,51,LENS
440,440,EXISTING,LENTE VS1.67 AR C6,LENTE VS1.67 AR C6,83,83,LENS
441,441,EXISTING,LENTE VS1.50 PLANA B6 AZUL,LENTE VS1.50 PLANA B6 AZUL,106,106,LENS
442,442,EXISTING,ARMAÇÃO GIRO,ARMAÇÃO GIRO,113,113,FRAME
444,444,EXISTING,VARILUX LIBERTY ORMA TRANS CZ EASY PRO,VARILUX LIBERTY ORMA TRANS CZ EASY PRO,60,60,LENS
445,445,EXISTING,LENTE VS1.67 AR C-6,LENTE VS1.67 AR C-6,88,88,LENS
446,446,EXISTING,LENTE DE CONTATO COLORIDA SOLOTICA PL,LENTE DE CONTATO COLORIDA SOLOTICA PL,103,103,LENS
447,1082,CREATED,ARMAÇÃO ACETATO,ARMAÇÃO ACETATO,34,34,FRAME
448,1083,CREATED,ARMAÇÃO Z FORA DE LINHA,ARMAÇÃO Z FORA DE LINHA,100,100,FRAME
449,1084,CREATED,NOVO ACORDO - LUCIA MARIA,NOVO ACORDO - LUCIA MARIA,109,341,ACCESSORY
450,450,EXISTING,OCULOS SOLAR MARESIA,OCULOS SOLAR MARESIA,114,114,FRAME
451,451,EXISTING,OCULOS SOLAR VIZZANO,OCULOS SOLAR VIZZANO,115,115,FRAME
452,1085,CREATED,ARMAÇÃO ACETATO,ARMAÇÃO ACETATO,116,116,FRAME
453,1086,CREATED,ARMAÇÃO NYLON,ARMAÇÃO NYLON,117,117,FRAME
454,1087,CREATED,ARMAÇÃO BALGRIF,ARMAÇÃO BALGRIF,5,5,FRAME
455,455,EXISTING,LENTE VS1.60 +4-10C2 AR,LENTE VS1.60 +4-10C2 AR,51,51,LENS
456,456,EXISTING,LENTE PR GRAND VIEW 1.59 FILTRO AR VD,LENTE PR GRAND VIEW 1.59 FILTRO AR VD,60,60,LENS
457,457,EXISTING,ARMAÇÃO LEVERT,ARMAÇÃO LEVERT,28,28,FRAME
458,1088,CREATED,SOLAR Z FORA DE LINHA,SOLAR Z FORA DE LINHA,94,94,FRAME
460,460,EXISTING,ARMAÇÃO YNOT,ARMAÇÃO YNOT,118,118,FRAME
461,1089,CREATED,NOVO ACORDO - ROBERVAL NOV/14,NOVO ACORDO - ROBERVAL NOV/14,109,341,ACCESSORY
462,462,EXISTING,LENTE VS1.67 FOTOFUSION / AR,LENTE VS1.67 FOTOFUSION / AR,106,106,LENS
463,463,EXISTING,LENTE PR GRAND VIEW 1.59  AR,LENTE PR GRAND VIEW 1.59  AR,60,60,LENS
464,464,EXISTING,COLORAÇAO VERDE,COLORAÇAO VERDE,84,84,ACCESSORY
465,465,EXISTING,LENTE VS1.60 VISION EASY/AR,LENTE VS1.60 VISION EASY/AR,51,51,LENS
466,1090,CREATED,LENTE AMPLUS 1.50 SOLAR,LENTE AMPLUS 1.50 SOLAR,51,51,FRAME
467,467,EXISTING,LENTE VS1.56 AR,LENTE VS1.56 AR,119,119,LENS
468,468,EXISTING,LENTE VS1.56 ACABADA AR,LENTE VS1.56 ACABADA AR,106,106,LENS
469,1091,CREATED,LENTE VS1.49 ACABADA AR,LENTE VS1.49 ACABADA AR,106,106,LENS
470,470,EXISTING,LENTE P 1.50 GRAND VIEW1.5 / ACLIMATTES,LENTE P 1.50 GRAND VIEW1.5 / ACLIMATTES,60,60,LENS
472,472,EXISTING,LENTE DE CONTATO TORICA INC,LENTE DE CONTATO TORICA INC,120,120,LENS
473,473,EXISTING,LENTE VS1.50 AC AR LL C-2,LENTE VS1.50 AC AR LL C-2,51,51,LENS
474,1092,CREATED,ARMAÇÃO Z FORA DE LINHA,ARMAÇÃO Z FORA DE LINHA,2,2,FRAME
475,475,EXISTING,VARILUX CONF360/EASY CLEAN,VARILUX CONF360/EASY CLEAN,60,60,LENS
476,476,EXISTING,LENTE HOYALUX WIDE BKS 1.50 AR BC,LENTE HOYALUX WIDE BKS 1.50 AR BC,51,51,LENS
477,1093,CREATED,ARMAÇÃO BALGRIF,ARMAÇÃO BALGRIF,121,121,FRAME
479,479,EXISTING,LENTE HOYALUX WIDE BKS 1.50 SENSITY,LENTE HOYALUX WIDE BKS 1.50 SENSITY,51,51,LENS
480,1094,CREATED,LENTE VS1.53 HOYA SYNC III 5 SENSITY NR/BC,LENTE VS1.53 HOYA SYNC III 5 SENSITY NR/BC,51,51,LENS
481,1095,CREATED,LENTE PR 1.50 FOTO,LENTE PR 1.50 FOTO,122,343,LENS
482,1096,CREATED,ARMAÇÃO Z FORA DE LINHA,ARMAÇÃO Z FORA DE LINHA,123,123,FRAME
485,972,EXISTING,ARMAÇÃO Z FORA DE LINHA,ARMAÇÃO Z FORA DE LINHA,8,8,FRAME
487,487,EXISTING,LENTE VS1.50 SOLAR -10+8 C4,LENTE VS1.50 SOLAR -10+8 C4,51,51,FRAME
488,488,EXISTING,ARMAÇÃO SPELLBOUND,ARMAÇÃO SPELLBOUND,124,124,FRAME
489,1097,CREATED,ARMAÇÃO Z FORA DE LINHA,ARMAÇÃO Z FORA DE LINHA,124,124,FRAME
490,1097,EXISTING,ARMAÇÃO Z FORA DE LINHA,ARMAÇÃO Z FORA DE LINHA,124,124,FRAME
491,1098,CREATED,ARMAÇÃO METAL,ARMAÇÃO METAL,10,10,FRAME
492,492,EXISTING,LENTE VS1.50 FOTOFUSION,LENTE VS1.50 FOTOFUSION,88,88,LENS
493,962,EXISTING,ARMAÇAO Z FORA DE LINHA,ARMAÇÃO Z FORA DE LINHA,41,41,FRAME
494,494,EXISTING,LENTE,LENTE,64,64,LENS
495,901,EXISTING,LENTE P 1.50 AO COMPACTA INC,LENTE P 1.50 AO COMPACTA INC,64,64,LENS
496,496,EXISTING,LENTE P HOYALUX WIDE BKS1.5 SENST/AR,LENTE P HOYALUX WIDE BKS1.5 SENST/AR,51,51,LENS
497,1099,CREATED,LENTE PR VISIONMAX HD1.67 INC,LENTE PR VISIONMAX HD1.67 INC,125,344,LENS
498,1100,CREATED,ARMAÇÃO METAL,ARMAÇÃO METAL,14,14,FRAME
499,499,EXISTING,LENTE Z FORA DE LINHA ARGOS,LENTE Z FORA DE LINHA ARGOS,51,51,LENS
500,1101,CREATED,LENTE PR1.59 ARGOS AR,LENTE PR1.59 ARGOS AR,51,51,LENS
501,1102,CREATED,ARMAÇÃO ACETATO,ARMAÇÃO ACETATO,5,5,FRAME
502,502,EXISTING,LENTE VS HAYTEK 1.56 FOTO AR,LENTE VS HAYTEK 1.56 FOTO AR,88,88,LENS
503,503,EXISTING,LENTE P GRAND VIEW1.50 TRANST / AR,LENTE P GRAND VIEW1.50 TRANST / AR,60,60,LENS
504,504,EXISTING,LENTE VS HAYTEK 1.56 INC.,LENTE VS HAYTEK 1.56 INC.,88,88,LENS
505,505,EXISTING,LENTE VS1.50 SURF SENSITY AR -10+8C-4,LENTE VS1.50 SURF SENSITY AR -10+8C-4,51,51,LENS
506,1103,CREATED,ARMAÇÃO ACETATO,ARMAÇÃO ACETATO,126,126,FRAME
509,1104,CREATED,ARMAÇÃO Z FORA DE LINHA,ARMAÇÃO Z FORA DE LINHA,113,113,FRAME
510,1104,EXISTING,ARMAÇÃO Z FORA DE LINHA,ARMAÇÃO Z FORA DE LINHA,113,113,FRAME
511,511,EXISTING,LENTE VS1.67 AR VISION EASE,LENTE VS1.67 AR VISION EASE,51,51,LENS
515,1105,CREATED,RENEGOCIAÇÃO,RENEGOCIAÇÃO,109,341,ACCESSORY
516,1106,CREATED,ARMAÇÃO Z FORA DE LINHA,ARMAÇÃO Z FORA DE LINHA,115,115,FRAME
517,517,EXISTING,LENTE VS1.67 FOTOFUSION -18+12C-4,LENTE VS1.67 FOTOFUSION -18+12C-4,88,88,LENS
518,518,EXISTING,LENTE VS1.59 FOTO -10+7 C-6,LENTE VS1.59 FOTO -10+7 C-6,88,88,LENS
519,519,EXISTING,LENTE VS1.60 SURF AR  C-4,LENTE VS1.60 SURF AR  C-4,51,51,LENS
520,520,EXISTING,LENTE VS1.60 SURF SOLAR C4,LENTE VS1.60 SURF SOLAR C4,51,51,FRAME
521,521,EXISTING,VARILUX LIBERTY ORMA AR EASY CLEAN,VARILUX LIBERTY ORMA AR EASY CLEAN,60,60,LENS
522,522,EXISTING,LENTE SOLAR MARRON PLANA,LENTE SOLAR MARRON PLANA,88,88,FRAME
523,1107,CREATED,ARMAÇÃO NYLON FL,ARMAÇÃO NYLON FL,24,24,FRAME
525,1108,CREATED,ARMAÇÃO Z FORA DE LINHA,ARMAÇÃO Z FORA DE LINHA,23,23,FRAME
526,526,EXISTING,ARMAÇÃO IMOLA,ARMAÇÃO IMOLA,11,11,FRAME
528,1109,CREATED,LENTE PR NO LINE INC,LENTE PR NO LINE INC,122,343,LENS
529,529,EXISTING,LENTE VS1.50 ACABADA FOTOFUSION,LENTE VS1.50 ACABADA FOTOFUSION,88,88,LENS
530,1110,CREATED,LENTE VS1.50 HOYA SENSITY LL/BC,LENTE VS1.50 HOYA SENSITY LL/BC,51,51,LENS
531,531,EXISTING,LENTE VS1.59 ACABADA / AR -4+4C-2,LENTE VS1.59 ACABADA / AR -4+4C-2,51,51,LENS
532,532,EXISTING,LENTE VS1.56 FOTO AR,LENTE VS1.56 FOTO AR,128,128,LENS
533,533,EXISTING,LENTE P HOYALUX WIDE BKS PRO 1.67 SENSITY AR,LENTE P HOYALUX WIDE BKS PRO 1.67 SENSITY AR,51,51,LENS
534,1111,CREATED,LENTE BIF. BIOVIS FOTO,LENTE BIF. BIOVIS FOTO,60,60,LENS
535,1112,CREATED,LENTE PR1.50 ARGOS TF SENSITY AR,LENTE PR1.50 ARGOS TF SENSITY AR,51,51,LENS
536,1113,CREATED,ATUALIZAR PRODUTO2,ATUALIZAR PRODUTO2,104,341,ACCESSORY
537,537,EXISTING,LENTE P OPTI PRIME 1.56 FOTO,LENTE P OPTI PRIME 1.56 FOTO,128,128,LENS
538,538,EXISTING,LENTE P 1.56 INC,LENTE P 1.56 INC,128,128,LENS
539,539,EXISTING,LENTE P SOLAMAX 1.67 FOTOFUSION,LENTE P SOLAMAX 1.67 FOTOFUSION,64,64,LENS
540,902,EXISTING,LENTE BIOVIS 1.59 INCOLOR,LENTE BIOVIS 1.59 INCOLOR,60,60,LENS
541,541,EXISTING,LENTE P 1.56 BYVISION AR ACABADA,LENTE P 1.56 BYVISION AR ACABADA,129,129,LENS
542,1114,CREATED,LENTE PR1.50 FOTO AR,LENTE PR1.50 FOTO AR,122,343,LENS
543,543,EXISTING,LENTE VS1.59 INCOLOR,LENTE VS1.59 INCOLOR,106,106,LENS
544,1115,CREATED,LENTE ARGOS 1.50 SENSITY AR BC,LENTE ARGOS 1.50 SENSITY AR BC,51,51,LENS
545,1116,CREATED,LENTE BIF. BIOVIS INC,LENTE BIF. BIOVIS INC,122,343,LENS
546,546,EXISTING,ARMAÇÃO FIAMMA,ARMAÇÃO FIAMMA,130,130,FRAME
547,547,EXISTING,ARMAÇÃO URBAN,ARMAÇÃO URBAN,131,131,FRAME
549,1117,CREATED,LENTE PR 1.50 FOTO,LENTE PR 1.50 FOTO,132,132,LENS
551,551,EXISTING,LENTE VS1.67 AR,LENTE VS1.67 AR,119,119,LENS
552,1118,CREATED,LENTE VS1.50 AR,LENTE VS1.50 AR,122,343,LENS
553,1119,CREATED,LENTE PR 1.50 INC,LENTE PR 1.50 INC,132,132,LENS
554,1120,CREATED,ARMAÇÃO METAL,ARMAÇÃO METAL,133,133,FRAME
555,1121,CREATED,LENTE BIF. BIOVIS FOTO,LENTE BIF. BIOVIS FOTO,122,343,LENS
556,1122,CREATED,LENTE VS1.56 FOTO AR,LENTE VS1.56 FOTO AR,119,119,LENS
557,1123,CREATED,ARMAÇÃO ACETATO,ARMAÇÃO ACETATO,121,121,FRAME
558,1124,CREATED,LENTE PR ESPACE1.5 ACLIMATES,LENTE PR ESPACE1.5 ACLIMATES,122,343,LENS
559,1125,CREATED,LENTE VS1.50 INC,LENTE VS1.50 INC,132,132,LENS
560,560,EXISTING,LENTE PR ESPACE 1.50 INC,LENTE PR ESPACE 1.50 INC,132,132,LENS
561,1126,CREATED,LENTE VS1.67 AR BC,LENTE VS1.67 AR BC,51,51,LENS
562,1127,CREATED,LENTE BIFOCAL ULTEX INC,LENTE BIFOCAL ULTEX INC,122,343,LENS
563,1128,CREATED,LENTE VS1.50 INCOLOR,LENTE VS1.50 INCOLOR,122,343,LENS
564,1129,CREATED,LENTE PR NO LINE INCOLOR,LENTE PR NO LINE INCOLOR,122,343,LENS
565,1130,CREATED,LENTE BIF. ULTEX FOTO,LENTE BIF. ULTEX FOTO,122,343,LENS
566,1131,CREATED,LENTE AMPLUS 1.59 SENSITY,LENTE AMPLUS 1.59 SENSITY,51,51,LENS
567,1132,CREATED,LENTE PR FREE LINE PLUS ACAB,LENTE PR FREE LINE PLUS ACAB,122,343,LENS
568,1133,CREATED,LENTE VS1.49 FOTO / AR,LENTE VS1.49 FOTO / AR,122,343,LENS
569,1134,CREATED,LENTE VS1.56 AR,LENTE VS1.56 AR,128,128,LENS
570,1135,CREATED,ARMAÇÃO NYLON,ARMAÇÃO NYLON,20,20,FRAME
571,1136,CREATED,ARMAÇÃO METAL,ARMAÇÃO METAL,15,15,FRAME
572,1137,CREATED,LENTE PR NO LINE SOLAR,LENTE PR NO LINE SOLAR,122,343,FRAME
573,1138,CREATED,LENTE BIF. ULTEX INC.,LENTE BIF. ULTEX INC.,132,132,LENS
574,1139,CREATED,LENTE BIF. ULTEX FOTO,LENTE BIF. ULTEX FOTO,128,128,LENS
575,553,EXISTING,LENTE PR NO LINE INC,LENTE PR NO LINE INC,132,132,LENS
576,1140,CREATED,LENTE VS1.50 FOTO FUSION,LENTE VS1.50 FOTO FUSION,106,106,LENS
577,1141,CREATED,LENTE BIF. BIOVIS INC,LENTE BIF. BIOVIS INC,128,128,LENS
578,1142,CREATED,LENTE BIOVIS INC,LENTE BIOVIS INC,134,346,LENS
579,579,EXISTING,LENTE VS1.50 FOTOFUSION / AR,LENTE VS1.50 FOTOFUSION / AR,106,106,LENS
580,1143,CREATED,LENTE VS1.50 HOYA SYNC III 9 AR NR/BC,LENTE VS1.50 HOYA SYNC III 9 AR NR/BC,51,51,LENS
581,581,EXISTING,LENTE VS1.53 SENSITY/AR,LENTE VS1.53 SENSITY/AR,51,51,LENS
582,1144,CREATED,LENTE AMPLUS 1.59 AR,LENTE AMPLUS 1.59 AR,51,51,LENS
583,1145,CREATED,LENTE VS1.50 AR,LENTE VS1.50 AR,132,132,LENS
584,1146,CREATED,LENTE VS1.50 HOYA SYNC III 13 NR/BC,LENTE VS1.50 HOYA SYNC III 13 NR/BC,51,51,LENS
585,1147,CREATED,"LENTE DE CONTATO COM GRAU -2,00","LENTE DE CONTATO COM GRAU -2,00",103,103,LENS
586,1148,CREATED,LENTE VS1.5 HOYA AR NR/BC,LENTE VS1.5 HOYA AR NR/BC,51,51,LENS
587,587,EXISTING,LENTE VS1.50 SURF TRANSITIONS,LENTE VS1.50 SURF TRANSITIONS,51,51,LENS
588,1149,CREATED,LENTE BIF. ULTEX FOTO,LENTE BIF. ULTEX FOTO,132,132,LENS
589,589,EXISTING,LENTE P HOYALUX WIDE VXT PRO 1.50 AR,LENTE P HOYALUX WIDE VXT PRO 1.50 AR,51,51,LENS
590,1150,CREATED,LENTE PR ESPACE1.50 ACLIMATES,LENTE PR ESPACE1.50 ACLIMATES,132,132,LENS
591,1151,CREATED,ARMAÇÃO PROMOÇÃO,ARMAÇÃO PROMOÇÃO,108,342,FRAME
592,1152,CREATED,ARMAÇÃO PROMOÇÃO NYLON,ARMAÇÃO PROMOÇÃO NYLON,108,342,FRAME
593,593,EXISTING,LENTE VS1.67 INCOLOR,LENTE VS1.67 INCOLOR,132,132,LENS
594,594,EXISTING,LENTE P HOYALUX WIDE VXT 1.50 PREMIUM,LENTE P HOYALUX WIDE VXT 1.50 PREMIUM,51,51,LENS
595,595,EXISTING,LENTE VS1.59 / AR C-4,LENTE VS1.59 / AR C-4,106,106,LENS
596,1153,CREATED,LENTE VS1.50 AR BLUE,LENTE VS1.50 AR BLUE,122,343,LENS
597,1154,CREATED,LENTE VS1.50 AR BLUE,LENTE VS1.50 AR BLUE,128,128,LENS
598,1155,CREATED,LENTE VS1.50 AR BLUE,LENTE VS1.50 AR BLUE,119,119,LENS
599,599,EXISTING,LENTE PROG KODAK UP 1.50 INC,LENTE PROG KODAK UP 1.50 INC,60,60,LENS
600,1156,CREATED,ARMAÇÃO METAL,ARMAÇÃO METAL,5,5,FRAME
601,1083,EXISTING,ARMAÇÃO Z FORA DE LINHA,ARMAÇÃO Z FORA DE LINHA,100,100,FRAME
602,1157,CREATED,LENTE ARGOS 1.50 SENSITY AR NR/BC,LENTE ARGOS 1.50 SENSITY AR NR/BC,51,51,LENS
603,1158,CREATED,ARMAÇÃO BALGRIF,ARMAÇÃO BALGRIF,101,101,FRAME
604,1159,CREATED,LENTE PR1.59 AMPLUS INC,LENTE PR1.59 AMPLUS INC,51,51,LENS
605,1160,CREATED,ARMAÇÃO Z FORA DE LINHA,ARMAÇÃO Z FORA DE LINHA,135,135,FRAME
606,606,EXISTING,ARMAÇÃO PERSONAL,ARMAÇÃO PERSONAL,135,135,FRAME
607,1160,EXISTING,ARMAÇÃO Z FORA DE LINHA,ARMAÇÃO Z FORA DE LINHA,135,135,FRAME
608,1161,CREATED,ARMAÇAO METAL,ARMAÇAO METAL,111,111,FRAME
612,1162,CREATED,LENTE BIF BIOVIS INC,LENTE BIF BIOVIS INC,106,106,LENS
613,1163,CREATED,LENTE PR 1.50 AR,LENTE PR 1.50 AR,132,132,LENS
615,615,EXISTING,LENTE PR NOLINE INC.,LENTE PR NOLINE INC.,136,136,LENS
616,1164,CREATED,LENTE VS1.56 FOTO,LENTE VS1.56 FOTO,122,343,LENS
617,617,EXISTING,ARMAÇAO OK ACETATO,ARMAÇAO OK ACETATO,137,137,FRAME
618,1165,CREATED,LENTE P 1.50 NOLINE,LENTE P 1.50 NOLINE,138,347,LENS
620,1166,CREATED,ARMAÇAO Z FORA DE LINHA,ARMAÇAO Z FORA DE LINHA,139,139,FRAME
621,621,EXISTING,ARMAÇAO OBEN,ARMAÇAO OBEN,139,139,FRAME
622,1167,CREATED,ARMAÇAO Z FORA DE LINHA,ARMAÇAO Z FORA DE LINHA,140,140,FRAME
623,623,EXISTING,LENTE HOYALUX WIDE VXT PREMIUM 1.59 AR CX,LENTE HOYALUX WIDE VXT PREMIUM 1.59 AR CX,51,51,LENS
624,624,EXISTING,LENTE HOYALUX WIDE BKS PRO 1.50 AR NR+BC,LENTE HOYALUX WIDE BKS PRO 1.50 AR NR+BC,51,51,LENS
625,625,EXISTING,LENTE VS1.59 FOTOFUSION / AR,LENTE VS1.59 FOTOFUSION / AR,106,106,LENS
626,626,EXISTING,LENTE PR MAX 1.50 FOTO / AR,LENTE PR MAX 1.50 FOTO / AR,132,132,LENS
627,627,EXISTING,ARMÇAO BALGRIF,ARMÇAO BALGRIF,68,68,FRAME
628,628,EXISTING,LENTE VS VISIONMAX HD1.67 SUNPROTECT DURAMAX BLUE,LENTE VS VISIONMAX HD1.67 SUNPROTECT DURAMAX BLUE,106,106,LENS
629,629,EXISTING,ARMAÇÃO VISEL,ARMAÇÃO VISEL,141,141,FRAME
630,1168,CREATED,ARMAÇÃO Z FORA DE LINHA,ARMAÇÃO Z FORA DE LINHA,141,141,FRAME
631,1169,CREATED,ARMAÇÃO NYLON,ARMAÇÃO NYLON,141,141,FRAME
632,632,EXISTING,LENTE DE CONTATO PL COLOR FRESHLOOK,LENTE DE CONTATO PL COLOR FRESHLOOK,142,142,LENS
633,633,EXISTING,BERINE SP,BERINE SP,112,112,FRAME
634,1170,CREATED,ATUALIZAR PRODUTO4,ATUALIZAR PRODUTO4,104,341,ACCESSORY
635,635,EXISTING,LENTE VS SOLAR PLANA DEGRADÊ,LENTE VS SOLAR PLANA DEGRADÊ,106,106,FRAME
636,636,EXISTING,LENTE DE CONTATO,LENTE DE CONTATO,103,103,LENS
637,637,EXISTING,LENTE PR NO LINE FOTO,LENTE PR NO LINE FOTO,132,132,LENS
638,1171,CREATED,OCULO SOLAR METAL,OCULO SOLAR METAL,1,335,FRAME
640,640,EXISTING,OCULOS SOLAR VISEL,OCULOS SOLAR VISEL,141,141,FRAME
641,641,EXISTING,COLORAÇÃO MARRON DEGRADE,COLORAÇÃO MARRON DEGRADE,84,84,ACCESSORY
642,1172,CREATED,LENTE ARGOS 1.50 AR NR/BC,LENTE ARGOS 1.50 AR NR/BC,51,51,LENS
643,1042,EXISTING,ARMAÇAO Z FORA DE LINHA,ARMAÇÃO Z FORA DE LINHA,40,40,FRAME
645,1173,CREATED,ARMAÇÃO ACETATO,ARMAÇÃO ACETATO,143,143,FRAME
646,1174,CREATED,LENTE VS1.59 AR,LENTE VS1.59 AR,128,128,LENS
647,647,EXISTING,LENTE VS1.67 SENSITY,LENTE VS1.67 SENSITY,51,51,LENS
648,648,EXISTING,LENTE VS1.50 FOTO,LENTE VS1.50 FOTO,132,132,LENS
649,1175,CREATED,LENTE PR 1.50 AR,LENTE PR 1.50 AR,136,136,LENS
650,650,EXISTING,LENTE VS1.50 FOTO/AR,LENTE VS1.50 FOTO/AR,132,132,LENS
651,1176,CREATED,LENTE BIF ULTEX INC,LENTE BIF ULTEX INC,134,346,LENS
653,1177,CREATED,LENTE VS1.50 INC,LENTE VS1.50 INC,136,136,LENS
654,654,EXISTING,LENTE P HOYALUX WIDE VXT 1.50 SENSITY AR,LENTE P HOYALUX WIDE VXT 1.50 SENSITY AR,51,51,LENS
655,1178,CREATED,ARMAÇÃO BALGRIF,ARMAÇÃO BALGRIF,10,10,FRAME
656,656,EXISTING,ARMAÇÃO AUGEN BALGRIF,ARMAÇÃO AUGEN BALGRIF,21,21,FRAME
657,657,EXISTING,ARMAÇÃO TOP LINE,ARMAÇÃO TOP LINE,102,102,FRAME
658,1179,CREATED,ARMAÇÃO BALGRIF,ARMAÇÃO BALGRIF,72,72,FRAME
659,1180,CREATED,ARMAÇÃO BALGRIF,ARMAÇÃO BALGRIF,4,4,FRAME
660,1181,CREATED,ARMAÇÃO ACETATO,ARMAÇÃO ACETATO,17,17,FRAME
661,661,EXISTING,ARMAÇÃO RENOMA,ARMAÇÃO RENOMA,101,101,FRAME
662,1182,CREATED,ARMAÇÃO NYLON,ARMAÇÃO NYLON,118,118,FRAME
664,1183,CREATED,ARMAÇÃO NYLON,ARMAÇÃO NYLON,144,144,FRAME
666,1184,CREATED,ARMAÇÃO NYLON,ARMAÇÃO NYLON,15,15,FRAME
667,1185,CREATED,ARMAÇÃO METAL,ARMAÇÃO METAL,42,42,FRAME
669,669,EXISTING,ARMAÇAO K&L,ARMAÇAO K&L,42,42,FRAME
670,670,EXISTING,ARMAÇAO VLS PORT,ARMAÇAO VLS PORT,145,145,FRAME
672,1186,CREATED,LENTE VS1.50 AR,LENTE VS1.50 AR,128,128,LENS
673,673,EXISTING,LENTE VS1.56 AR BLUE,LENTE VS1.56 AR BLUE,128,128,LENS
674,1187,CREATED,LENTE VS1.50 AR BLUE,LENTE VS1.50 AR BLUE,138,347,LENS
675,1188,CREATED,LENTE VS1.50 FOTO AR,LENTE VS1.50 FOTO AR,138,347,LENS
676,676,EXISTING,LENTE VS1.67 FOTO FUSION,LENTE VS1.67 FOTO FUSION,106,106,LENS
677,677,EXISTING,ESTOJO DE LENTE DE CONTATO,ESTOJO DE LENTE DE CONTATO,142,142,LENS
678,1189,CREATED,LENTE VS1.59 POLY INC,LENTE VS1.59 POLY INC,138,347,LENS
679,1190,CREATED,LENTE VS1.59 POLY AR,LENTE VS1.59 POLY AR,138,347,LENS
680,1191,CREATED,LENTE VS1.59 AR C-2,LENTE VS1.59 AR C-2,106,106,LENS
681,1192,CREATED,LENTE PR 1.50 AR GREEN,LENTE PR 1.50 AR GREEN,122,343,LENS
682,1193,CREATED,LE,LE,1,335,ACCESSORY
683,683,EXISTING,LENTE VS1.61 AR,LENTE VS1.61 AR,119,119,LENS
684,1194,CREATED,ARMAÇÃO NYLON,ARMAÇÃO NYLON,33,33,FRAME
685,1195,CREATED,LENTE VS1.50 AR,LENTE VS1.50 AR,119,119,LENS
686,686,EXISTING,LENTE VS1.67 AR NO-RISK,LENTE VS1.67 AR NO-RISK,51,51,LENS
687,687,EXISTING,OCULOS DE LEITURA SURFAÇADO,OCULOS DE LEITURA SURFAÇADO,97,97,FRAME
690,690,EXISTING,ARMAÇÃO VIZZANO,ARMAÇÃO VIZZANO,115,115,FRAME
691,691,EXISTING,ARMAÇÃO MARESIA,ARMAÇÃO MARESIA,114,114,FRAME
693,693,EXISTING,ARMAÇÃO K2,ARMAÇÃO K2,146,146,FRAME
694,694,EXISTING,ARMAÇÃO KEEPER BRASIL,ARMAÇÃO KEEPER BRASIL,123,123,FRAME
695,1196,CREATED,LENTE VS 1.56 FOTO AR,LENTE VS 1.56 FOTO AR,147,348,LENS
696,696,EXISTING,LENTE VS1.59 POLI FOTOFUSION,LENTE VS1.59 POLI FOTOFUSION,106,106,LENS
697,697,EXISTING,LENTE PROG1.59 FOTO,LENTE PROG1.59 FOTO,128,128,LENS
698,698,EXISTING,LENTE PROG1.50 FOTO AR,LENTE PROG1.50 FOTO AR,119,119,LENS
699,1197,CREATED,LENTE VS1.67 AR,LENTE VS1.67 AR,128,128,LENS
700,1198,CREATED,LENTE BIF. BIOVIS FOTO,LENTE BIF. BIOVIS FOTO,132,132,LENS
701,1199,CREATED,LENTE BIF. BIOVIS INC,LENTE BIF. BIOVIS INC,132,132,LENS
702,702,EXISTING,LENTE PR VISION + 1.59 SUNPROTECT AR DURAMAX,LENTE PR VISION + 1.59 SUNPROTECT AR DURAMAX,106,106,LENS
703,703,EXISTING,LENTE P OPTI PRIME1.5 FOTO AR,LENTE P OPTI PRIME1.5 FOTO AR,128,128,LENS
704,704,EXISTING,LENTE SOLAR PLANA,LENTE SOLAR PLANA,141,141,FRAME
705,705,EXISTING,ARMAÇÃO PAULO CARRARO,ARMAÇÃO PAULO CARRARO,148,148,FRAME
706,706,EXISTING,ARMAÇÃO VALENTINA GUERRA,ARMAÇÃO VALENTINA GUERRA,149,149,FRAME
707,1200,CREATED,LENTE VS1.59 AR,LENTE VS1.59 AR,119,119,LENS
708,708,EXISTING,LENTE VS1.50 TRUEFORM AR BLUE CONT,LENTE VS1.50 TRUEFORM AR BLUE CONT,51,51,LENS
709,709,EXISTING,LENTE VS1.50 TRUEFORM SENSITY AR BC,LENTE VS1.50 TRUEFORM SENSITY AR BC,51,51,LENS
710,710,EXISTING,LENTE HOYALUX WIDE BKS 1.50 SENSITY AR BC,LENTE HOYALUX WIDE BKS 1.50 SENSITY AR BC,51,51,LENS
711,711,EXISTING,LENTE HOYALUX WIDE VXT 1.67 AR CX,LENTE HOYALUX WIDE VXT 1.67 AR CX,51,51,LENS
712,712,EXISTING,LENTE HOYALUX ID LIFE STYLE 1.67 AR CX,LENTE HOYALUX ID LIFE STYLE 1.67 AR CX,51,51,LENS
713,1201,CREATED,LENTE PR ESPACE 1.50 INC,LENTE PR ESPACE 1.50 INC,122,343,LENS
714,1202,CREATED,LENTE ARGOS 1.50 SENSITY AR NR,LENTE ARGOS 1.50 SENSITY AR NR,51,51,LENS
715,715,EXISTING,LENTE PROG1.50 FOTO,LENTE PROG1.50 FOTO,119,119,LENS
716,1203,CREATED,LENTE PR ESPACE1.5 ACLIMATES,LENTE PR ESPACE1.5 ACLIMATES,136,136,LENS
718,718,EXISTING,LENTE PR VISIONMAX 1.67 INC,LENTE PR VISIONMAX 1.67 INC,106,106,LENS
719,719,EXISTING,LENTE VS1.59 POLI FOTO AR,LENTE VS1.59 POLI FOTO AR,106,106,LENS
720,1204,CREATED,LENTE PR 1.50 INC,LENTE PR 1.50 INC,136,136,LENS
721,721,EXISTING,LENTE VS 1.74,LENTE VS 1.74,106,106,LENS
722,1205,CREATED,LENTE VS1.50 INCOLOR,LENTE VS1.50 INCOLOR,147,348,LENS
723,723,EXISTING,LENTE DE CONTATO ANUAL TÓRICA COLORIDA,LENTE DE CONTATO ANUAL TÓRICA COLORIDA,103,103,LENS
724,724,EXISTING,LENTE DE CONTATO ANUAL ESFERICA COLORIDA,LENTE DE CONTATO ANUAL ESFERICA COLORIDA,103,103,LENS
725,1206,CREATED,LENTE PR ESPACE1.5 ACLIMATES AR,LENTE PR ESPACE1.5 ACLIMATES AR,136,136,LENS
726,726,EXISTING,OCULOS SOLAR ROMANO,OCULOS SOLAR ROMANO,151,151,FRAME
727,727,EXISTING,OCULOS SOLAR CARMEN VITTI,OCULOS SOLAR CARMEN VITTI,150,150,FRAME
728,1207,CREATED,LENTE ESPACE AR,LENTE ESPACE AR,136,136,LENS
730,1208,CREATED,LENTE PROG 1.56 FOTO,LENTE PROG 1.56 FOTO,152,349,LENS
731,731,EXISTING,ARMAÇÃO BURGUESE,ARMAÇÃO BURGUESE,7,7,FRAME
732,1209,CREATED,LENTE VS1.56 FOTO AR,LENTE VS1.56 FOTO AR,152,349,LENS
734,1210,CREATED,LENTE PROG1.50 FOTO,LENTE PROG1.50 FOTO,153,153,LENS
735,735,EXISTING,LENTE VS1.59 AR BLUE,LENTE VS1.59 AR BLUE,119,119,LENS
736,1211,CREATED,LENTE VS1.67 ANTIRREFLEXO ACAB,LENTE VS1.67 ANTIRREFLEXO ACAB,152,349,LENS
737,737,EXISTING,VARILUX PHYSIO TRANSITIOS CRIZAL EASY PRO,VARILUX PHYSIO TRANSITIOS CRIZAL EASY PRO,60,60,LENS
738,738,EXISTING,LENTE PR NOLINE AR,LENTE PR NOLINE AR,136,136,LENS
739,739,EXISTING,ARMAÇÃO LOUGGE,ARMAÇÃO LOUGGE,33,33,FRAME
740,740,EXISTING,LENTE PR ESPACE INC,LENTE PR ESPACE INC,136,136,LENS
741,741,EXISTING,LENTE PROG VISION MAX HD1.67 SAFEBLUE AR DURAVISION,LENTE PROG VISION MAX HD1.67 SAFEBLUE AR DURAVISION,106,106,LENS
742,1212,CREATED,LENTE PR AMPLUS 1.53 AR CE,LENTE PR AMPLUS 1.53 AR CE,51,51,LENS
743,1213,CREATED,LENTE PR NEXVISION FOTO AR,LENTE PR NEXVISION FOTO AR,122,343,LENS
745,1214,CREATED,LENTE PR VISIONMAX 1.5 FOTO AR DURAMAX VD,LENTE PR VISIONMAX 1.5 FOTO AR DURAMAX VD,125,344,LENS
746,746,EXISTING,ARMAÇÃO ECKO UNLTD,ARMAÇÃO ECKO UNLTD,154,154,FRAME
747,747,EXISTING,OCULOS SOLAR ECKO UNLTD,OCULOS SOLAR ECKO UNLTD,154,154,FRAME
749,749,EXISTING,ARMAÇAO VERTZ,ARMAÇAO VERTZ,155,155,FRAME
750,750,EXISTING,LENTE VS1.60 AR NO RISK,LENTE VS1.60 AR NO RISK,51,51,LENS
751,751,EXISTING,LENTE VS 1.56 SOLAR,LENTE VS 1.56 SOLAR,136,136,FRAME
753,1215,CREATED,LENTE PR VISIONMAX HD1.5 DURAMAX,LENTE PR VISIONMAX HD1.5 DURAMAX,125,344,LENS
754,1216,CREATED,LENTE PR VISION+1.50 INC,LENTE PR VISION+1.50 INC,125,344,LENS
755,1217,CREATED,LENTE PR VISIONMAX SELF1.50 SELF SUNPROTEC,LENTE PR VISIONMAX SELF1.50 SELF SUNPROTEC,125,344,LENS
756,756,EXISTING,LENTE CONTATO TERAPEUTICA,LENTE CONTATO TERAPEUTICA,103,103,LENS
757,1218,CREATED,LENTE PR 1.50 AR BLUE,LENTE PR 1.50 AR BLUE,122,343,LENS
758,1219,CREATED,LENTE PR VISION+1.50 SUNPROTEC,LENTE PR VISION+1.50 SUNPROTEC,125,344,LENS
759,1220,CREATED,LENTE PR DAYNAMIC1.59 AR CX,LENTE PR DAYNAMIC1.59 AR CX,51,51,LENS
760,1221,CREATED,LENTE PR VISIONMAX HD1.50 TANSIT. AR DURAMAX,LENTE PR VISIONMAX HD1.50 TANSIT. AR DURAMAX,125,344,LENS
761,761,EXISTING,LENTE VS1.56 FOTO AR BLUE,LENTE VS1.56 FOTO AR BLUE,128,128,LENS
762,762,EXISTING,LENTE PR ARGOS1.5 SOLAR,LENTE PR ARGOS1.5 SOLAR,51,51,FRAME
763,1222,CREATED,LENTE PR ARGOS 1.60 SOLAR,LENTE PR ARGOS 1.60 SOLAR,51,51,FRAME
764,1223,CREATED,LENTE PR VISION+1.50 AR DURAMAX,LENTE PR VISION+1.50 AR DURAMAX,125,344,LENS
765,1224,CREATED,LENTE VS1.59 AR,LENTE VS1.59 AR,136,136,LENS
766,1225,CREATED,LENTE PR VISIONMAX HD1.59 AR DURAMAX,LENTE PR VISIONMAX HD1.59 AR DURAMAX,125,344,LENS
767,1226,CREATED,LENTE PR VISIONMAX HD1.50 SUNPROTEC,LENTE PR VISIONMAX HD1.50 SUNPROTEC,125,344,LENS
768,1227,CREATED,LENTE PR VISIONMAX 1.5 FILTRO AR DURAMAX AZ,LENTE PR VISIONMAX 1.5 FILTRO AR DURAMAX AZ,125,344,LENS
769,769,EXISTING,LENTE PR LABO SYNC EASY 1.59 POLY INC,LENTE PR LABO SYNC EASY 1.59 POLY INC,106,106,LENS
770,1228,CREATED,LENTE PR DAYNAMIC1.5 SOLAR,LENTE PR DAYNAMIC1.5 SOLAR,51,51,FRAME
771,1229,CREATED,LENTE PR VISIONMAX HD1.50 TRASITIONS 8,LENTE PR VISIONMAX HD1.50 TRASITIONS 8,125,344,LENS
772,772,EXISTING,LENTE VS 1.67 FOTO AR,LENTE VS 1.67 FOTO AR,156,156,LENS
774,774,EXISTING,LENTE PR HAYTEK TOP 1.56 AR VD,LENTE PR HAYTEK TOP 1.56 AR VD,88,88,LENS
775,775,EXISTING,LENTE PR MULTI AR FILTRO AZUL,LENTE PR MULTI AR FILTRO AZUL,132,132,LENS
776,776,EXISTING,LENTE PR HAYTEK SMART 1.56 INC,LENTE PR HAYTEK SMART 1.56 INC,88,88,LENS
777,1230,CREATED,LENTE PR VISION+ 1.59 SUNPROTEC,LENTE PR VISION+ 1.59 SUNPROTEC,125,344,LENS
778,778,EXISTING,LENTE PR HAYTEK SMART 1.56 FOTO AR V,LENTE PR HAYTEK SMART 1.56 FOTO AR V,88,88,LENS
779,1231,CREATED,LENTE PR VISION+ 1.50 SAFE BLUE SUNPROTEC,LENTE PR VISION+ 1.50 SAFE BLUE SUNPROTEC,125,344,LENS
780,780,EXISTING,LENTE PR HAYTEK TOP 1.59 AR V,LENTE PR HAYTEK TOP 1.59 AR V,88,88,LENS
781,781,EXISTING,LENTE VS1.50 SURF SOLAR,LENTE VS1.50 SURF SOLAR,51,51,FRAME
782,782,EXISTING,LENTE PR HAYTEK PRO ID FF FILTO AZUL AR BLUE,LENTE PR HAYTEK PRO ID FF FILTO AZUL AR BLUE,88,88,LENS
783,783,EXISTING,LENTE PR HAYTEK SMART 1.56 FF FOTO,LENTE PR HAYTEK SMART 1.56 FF FOTO,88,88,LENS
784,1232,CREATED,LENTE PR VISIONMAX 1.50 FOTO FILTRO  AR DUR AZ,LENTE PR VISIONMAX 1.50 FOTO FILTRO  AR DUR AZ,125,344,LENS
785,1233,CREATED,LENTE PR ESPACE TRANSITIONS 8,LENTE PR ESPACE TRANSITIONS 8,136,136,LENS
786,786,EXISTING,LENTE PR VISIONMAX 1.6 SAFEBLUE DURAMAX BLUE,LENTE PR VISIONMAX 1.6 SAFEBLUE DURAMAX BLUE,106,106,LENS
787,787,EXISTING,LENTE VS HAYTEK 1.59 FILTRO AZUL AR BLUE,LENTE VS HAYTEK 1.59 FILTRO AZUL AR BLUE,88,88,LENS
789,789,EXISTING,ARMAÇÃO POWER,ARMAÇÃO POWER,157,157,FRAME
790,1234,CREATED,LENTE PR HAYTEK LIGHT 1.56 AR VD,LENTE PR HAYTEK LIGHT 1.56 AR VD,88,88,LENS
791,1235,CREATED,LENTE PR DAYNAMIC1.53 NORISK BLUE,LENTE PR DAYNAMIC1.53 NORISK BLUE,51,51,LENS
792,1236,CREATED,LENTE PR DAYNAMIC1.5 NORISK BLUE,LENTE PR DAYNAMIC1.5 NORISK BLUE,51,51,LENS
793,793,EXISTING,LENTE PR HAYTEK LIGHT1.56 FILTRO FOTO AR AZUL,LENTE PR HAYTEK LIGHT1.56 FILTRO FOTO AR AZUL,88,88,LENS
794,794,EXISTING,LENTE PR HAYTEK SMART 1.56 FILTRO AR AZUL,LENTE PR HAYTEK SMART 1.56 FILTRO AR AZUL,88,88,LENS
795,795,EXISTING,LENTE VS 1.59 INC SURF,LENTE VS 1.59 INC SURF,51,51,LENS
796,1237,CREATED,LENTE PR VISIONMAX UNUQUE DURAMAX GREEN,LENTE PR VISIONMAX UNUQUE DURAMAX GREEN,125,344,LENS
797,797,EXISTING,LENTE PR HAYTEK LIGHT1.56 FOTO AR VD,LENTE PR HAYTEK LIGHT1.56 FOTO AR VD,88,88,LENS
798,935,EXISTING,OCULOS SOLAR JEAN PIERRE,OCULOS SOLAR JEAN PIERRE,3,334,FRAME
799,799,EXISTING,LENTE PR HAYTEK SMART 1.67 SOLAR DEG,LENTE PR HAYTEK SMART 1.67 SOLAR DEG,88,88,FRAME
800,800,EXISTING,LENTE VS HAYTEK 1.67 FILTO AR BLUE,LENTE VS HAYTEK 1.67 FILTO AR BLUE,88,88,LENS
801,801,EXISTING,LENTE PR HAYTEK SMART 1.56 AR AZUL,LENTE PR HAYTEK SMART 1.56 AR AZUL,88,88,LENS
803,803,EXISTING,ARMAÇÃO TOP CLUB,ARMAÇÃO TOP CLUB,158,158,FRAME
804,804,EXISTING,LENTE VS HAYTEK 1.56 FOTO FILTRO AR AZUL,LENTE VS HAYTEK 1.56 FOTO FILTRO AR AZUL,88,88,LENS
805,1238,CREATED,LENTE PR ARGOS TX 1.53 AR BLUE CONTROL,LENTE PR ARGOS TX 1.53 AR BLUE CONTROL,51,51,LENS
806,1239,CREATED,LENTE VS GOLD 1.56 AR,LENTE VS GOLD 1.56 AR,152,349,LENS
807,807,EXISTING,LENTE PR HAYTEK SMART 1.56 FOTO FILTRO AR AZUL,LENTE PR HAYTEK SMART 1.56 FOTO FILTRO AR AZUL,88,88,LENS
808,808,EXISTING,LENTE VS HAYTEK 1.56 FILTRO AR BLUE,LENTE VS HAYTEK 1.56 FILTRO AR BLUE,88,88,LENS
809,1240,CREATED,LENTE PR HOYALUX LIFE STYLE3 ID PREMIO AR NORISK BLUE,LENTE PR HOYALUX LIFE STYLE3 ID PREMIO AR NORISK BLUE,51,51,LENS
810,1241,CREATED,LENTE PR HOYALUX LIFE STYLE3 ID PREMIO SOLAR,LENTE PR HOYALUX LIFE STYLE3 ID PREMIO SOLAR,51,51,FRAME
811,1242,CREATED,OCULOS PRONTO,OCULOS PRONTO,159,350,FRAME
812,1243,CREATED,LENTE PR VISION + TRANSITIONS 8,LENTE PR VISION + TRANSITIONS 8,125,344,LENS
813,1244,CREATED,LENTE PR DAYNAMIC1.5 SENSITY AR BLUE,LENTE PR DAYNAMIC1.5 SENSITY AR BLUE,51,51,LENS
814,814,EXISTING,LENTE VS HAYTEK1.67 FF FOTO AR,LENTE VS HAYTEK1.67 FF FOTO AR,88,88,LENS
815,1245,CREATED,LENTE PR VISIONMAX SELF1.74 INC,LENTE PR VISIONMAX SELF1.74 INC,125,344,LENS
816,1246,CREATED,LENTE VS HAYTEK1.67 AR VERDE,LENTE VS HAYTEK1.67 AR VERDE,88,88,LENS
817,817,EXISTING,LENTE PR HAYTEK SMART 1.56 AR VERDE,LENTE PR HAYTEK SMART 1.56 AR VERDE,88,88,LENS
818,818,EXISTING,LENTE PR ORGALINE FOTO AR,LENTE PR ORGALINE FOTO AR,136,136,LENS
820,916,EXISTING,LENTE BIFOCAL BIOVIS FOTO,LENTE BIFOCAL BIOVIS FOTO,160,161,LENS
821,1247,CREATED,LENTE PR MAXXEE INC,LENTE PR MAXXEE INC,51,51,LENS
822,1248,CREATED,LENTE PR VISIONMAX SELF1.59 TRANSITIONS 8 AR GREEN VD,LENTE PR VISIONMAX SELF1.59 TRANSITIONS 8 AR GREEN VD,125,344,LENS
823,1249,CREATED,LENTE PR VISIONMAX SELF1.5 TRANSITIONS 8,LENTE PR VISIONMAX SELF1.5 TRANSITIONS 8,125,344,LENS
824,1250,CREATED,LENTE PR VISIONMAX SELF1.5 SAFE BUE AR BLUE,LENTE PR VISIONMAX SELF1.5 SAFE BUE AR BLUE,125,344,LENS
825,1251,CREATED,LENTE PR DAYNAMIC1.5 SENSITY II,LENTE PR DAYNAMIC1.5 SENSITY II,51,51,LENS
826,826,EXISTING,LENTE PR HAYTEK LIGHT 1.56 FILTRO AR AZUL,LENTE PR HAYTEK LIGHT 1.56 FILTRO AR AZUL,88,88,LENS
827,827,EXISTING,LENTE PR HAYTEK TOP 1.59 AR AZUL,LENTE PR HAYTEK TOP 1.59 AR AZUL,88,88,LENS
828,828,EXISTING,LENTE VS HAYTEK 1.61 FF AR AZUL,LENTE VS HAYTEK 1.61 FF AR AZUL,88,88,LENS
829,1252,CREATED,LENTE PR 1.50 FOTO,LENTE PR 1.50 FOTO,147,348,LENS
830,1253,CREATED,LENTE PR HAYTEK LIGHT 1.56 FOTO,LENTE PR HAYTEK LIGHT 1.56 FOTO,88,88,LENS
832,1254,CREATED,LENTE PR ESPACE INC,LENTE PR ESPACE INC,161,351,LENS
833,833,EXISTING,LENTE VS HAYTEK FOTO AR,LENTE VS HAYTEK FOTO AR,136,136,LENS
834,1255,CREATED,LENTE PR VISIONMAX SELF 1.67 INC,LENTE PR VISIONMAX SELF 1.67 INC,125,344,LENS
835,1256,CREATED,LENTE PR STOK LUX FOTO,LENTE PR STOK LUX FOTO,122,343,LENS
836,1257,CREATED,LENTE PR STOK LUX INC,LENTE PR STOK LUX INC,122,343,LENS
837,837,EXISTING,LENTE PR HAYTEK SMART SOLAR CNZ 80%,LENTE PR HAYTEK SMART SOLAR CNZ 80%,88,88,FRAME
838,838,EXISTING,LENTE PR BALANSIS AR NR/BC,LENTE PR BALANSIS AR NR/BC,51,51,LENS
839,1258,CREATED,LENTE VS HAYTEK 1.56 FOTO FILTRO AR AZUL,LENTE VS HAYTEK 1.56 FOTO FILTRO AR AZUL,136,136,LENS
840,1259,CREATED,LENTE PR HOYA AMPLUS 1.50 NR/BC,LENTE PR HOYA AMPLUS 1.50 NR/BC,51,51,LENS
841,841,EXISTING,OCULOS SOLAR TECNOL,OCULOS SOLAR TECNOL,14,14,FRAME
842,1260,CREATED,LENTE PR AMPLUS SENSITY AR NR/BC,LENTE PR AMPLUS SENSITY AR NR/BC,51,51,LENS
843,1261,CREATED,LENTE PR GOLD FOTO AR,LENTE PR GOLD FOTO AR,152,349,LENS
844,1262,CREATED,LENTE VS 1.56 FILTO AR AZUL,LENTE VS 1.56 FILTO AR AZUL,152,349,LENS
845,845,EXISTING,LENTE PR HAYTEK TOP 1.67 FILTRO AR AZUL,LENTE PR HAYTEK TOP 1.67 FILTRO AR AZUL,88,88,LENS
846,1263,CREATED,LENTE VS GOLD 1.56 FOTO FILTRO AR AZUL,LENTE VS GOLD 1.56 FOTO FILTRO AR AZUL,152,349,LENS
848,1264,CREATED,LENTE BIFOCAL ULTEX FOTO,LENTE BIFOCAL ULTEX FOTO,162,352,LENS
849,849,EXISTING,LENTE PR HAYTEK TOP 1.59 FOTO AR VD,LENTE PR HAYTEK TOP 1.59 FOTO AR VD,88,88,LENS
850,1265,CREATED,LENTE VS1.67 HOYA INC,LENTE VS1.67 HOYA INC,51,51,LENS
851,851,EXISTING,LENTE VS HAYTEK 1.56 FF AR VERDE,LENTE VS HAYTEK 1.56 FF AR VERDE,88,88,LENS
852,1266,CREATED,LENTE PR ARGOS AR NORISK,LENTE PR ARGOS AR NORISK,51,51,LENS
853,853,EXISTING,LENTE PR HAYTEK SMART 1.67 FILTRO AR ZUL,LENTE PR HAYTEK SMART 1.67 FILTRO AR ZUL,88,88,LENS
854,854,EXISTING,LENTE PR HAYTEK LIGHT 1.56 FF INC,LENTE PR HAYTEK LIGHT 1.56 FF INC,88,88,LENS
856,1267,CREATED,LENTE VS HAYTEK 1.56 FILTRO AR AZUL,LENTE VS HAYTEK 1.56 FILTRO AR AZUL,163,353,LENS
857,1268,CREATED,LENTE ARGOS 1.53 AR NR/BC,LENTE ARGOS 1.53 AR NR/BC,51,51,LENS
858,1269,CREATED,LENTE PR VISIONMAX SELF 1.74 AR DURAMAX,LENTE PR VISIONMAX SELF 1.74 AR DURAMAX,125,344,LENS
859,1270,CREATED,LENTE PR DAYNAMIC SENSITY AR NORISK,LENTE PR DAYNAMIC SENSITY AR NORISK,51,51,LENS
860,860,EXISTING,LENTE PR HAYTEK SMART 1.56 FOTO FILTRO AR VERDE,LENTE PR HAYTEK SMART 1.56 FOTO FILTRO AR VERDE,88,88,LENS
861,1271,CREATED,LENTE PR VISIONMAX SELF 1.59 AR DURAMAX,LENTE PR VISIONMAX SELF 1.59 AR DURAMAX,125,344,LENS
863,863,EXISTING,ARMAÇÃO DEBORAH SECCO FP,ARMAÇÃO DEBORAH SECCO FP,164,164,FRAME
864,864,EXISTING,OCULOS DEBORAH SECCO FP,OCULOS DEBORAH SECCO FP,164,164,FRAME
865,1272,CREATED,LENTE VS1.50 HOYA SENSITY AR LL/UV CTL,LENTE VS1.50 HOYA SENSITY AR LL/UV CTL,51,51,LENS
866,1273,CREATED,LENTE VS 1.67 HOYA AR LL/BC,LENTE VS 1.67 HOYA AR LL/BC,51,51,LENS
867,1274,CREATED,LENTE PR ESPACE ACLIMATES,LENTE PR ESPACE ACLIMATES,161,351,LENS
868,1275,CREATED,LENTE VS GOLD 1.59 POLY FOTO AR VERDE,LENTE VS GOLD 1.59 POLY FOTO AR VERDE,152,349,LENS
869,1276,CREATED,LENTE VS1.53 HOYA SYNC III 9 AR NR/BC,LENTE VS1.53 HOYA SYNC III 9 AR NR/BC,51,51,LENS
870,1277,CREATED,LENTE PR SMART INCOLOR,LENTE PR SMART INCOLOR,161,351,LENS
871,1278,CREATED,LENTE PR SMART FOTO,LENTE PR SMART FOTO,161,351,LENS
872,1279,CREATED,LENTE PR DAYNAMIC1.60 AR NR/BC,LENTE PR DAYNAMIC1.60 AR NR/BC,51,51,LENS
873,1280,CREATED,LENTE PR DAYNAMIC1.60 SOLAR,LENTE PR DAYNAMIC1.60 SOLAR,51,51,FRAME
874,1281,CREATED,LENTE VS1.56 INOVATION FOTO AR,LENTE VS1.56 INOVATION FOTO AR,136,136,LENS
875,1282,CREATED,LENTE PR HAYTEK CONV AR VERDE,LENTE PR HAYTEK CONV AR VERDE,136,136,LENS
876,876,EXISTING,LENTE PR HAYTEK LIGHT 1.61 SOLAR,LENTE PR HAYTEK LIGHT 1.61 SOLAR,88,88,FRAME
877,877,EXISTING,LENTE VS 1.56 FOTO FILTRO AR AZUL,LENTE VS 1.56 FOTO FILTRO AR AZUL,106,106,LENS
878,1283,CREATED,LENTE MIYOSMART CHAMELEON AR,LENTE MIYOSMART CHAMELEON AR,51,51,LENS
879,1284,CREATED,LENTE PR MAXXEE AR VERDE,LENTE PR MAXXEE AR VERDE,51,51,LENS
880,1285,CREATED,LENTE PR MAXXEE 1.56 FOTO AR VD,LENTE PR MAXXEE 1.56 FOTO AR VD,51,51,LENS
881,1286,CREATED,LENTE PR MAXXEE 1.56 FOTO,LENTE PR MAXXEE 1.56 FOTO,51,51,LENS
882,882,EXISTING,OCULOS SOLAR TOP CLUB,OCULOS SOLAR TOP CLUB,158,158,FRAME
883,1287,CREATED,LENTE PR MAXXEE AR BLUE,LENTE PR MAXXEE AR BLUE,51,51,LENS
884,1288,CREATED,LENTE PR MAXXEE 1.56 FOTO AR BLUE,LENTE PR MAXXEE 1.56 FOTO AR BLUE,51,51,LENS
885,1289,CREATED,LENTE MIYOSMART AR,LENTE MIYOSMART AR,51,51,LENS
886,1290,CREATED,LENTE VS1.56 FILTRO AR AZUL,LENTE VS1.56 FILTRO AR AZUL,106,106,LENS
887,1291,CREATED,LENTE PR HAYTEK LIGHT1.56 AR VERDE PREMIUM,LENTE PR HAYTEK LIGHT1.56 AR VERDE PREMIUM,88,88,LENS
888,1292,CREATED,LENTE PR HAYTEK SMART FILTRO AR AZULPREMIUM,LENTE PR HAYTEK SMART FILTRO AR AZULPREMIUM,88,88,LENS
889,1293,CREATED,LENTE PR NEX VISION FOTO FILTRO AR AZUL,LENTE PR NEX VISION FOTO FILTRO AR AZUL,122,343,LENS