desFinanceiro,desStatus,desDataPagamento
102,PAGA,05-Jan-17
103,PAGA,10-Jan-17
104,PAGA,03-Jan-17
105,PAGA,16-Jan-17
280,PAGA,17-Apr-17
281,PAGA,06-Apr-17
282,PAGA,10-Apr-17
283,PAGA,10-Apr-17
284,PAGA,10-Apr-17
285,PAGA,17-Apr-17
286,PAGA,17-Apr-17
287,PAGA,02-Mar-17
288,PAGA,02-Mar-17
289,PAGA,06-Mar-17
290,PAGA,06-Mar-17
291,PAGA,10-Mar-17
292,PAGA,13-Mar-17
293,PAGA,15-Mar-17
294,PAGA,16-Mar-17
295,PAGA,20-Mar-17
296,PAGA,20-Mar-17
297,PAGA,27-Mar-17
298,PAGA,31-Mar-17
299,PAGA,31-Jan-17
300,PAGA,06-Feb-17
301,PAGA,07-Feb-17
302,PAGA,10-Feb-17
303,PAGA,15-Feb-17
304,PAGA,20-Feb-17
305,PAGA,20-Feb-17
306,PAGA,20-Feb-17
307,PAGA,02-Jan-17
308,PAGA,02-Jan-17
309,PAGA,02-Jan-17
310,PAGA,03-Jan-17
311,PAGA,05-Jan-17
312,PAGA,10-Jan-17
313,PAGA,16-Jan-17
315,PAGA,17-Jan-17
316,PAGA,20-Jan-17
317,PAGA,20-Jan-17
318,PAGA,23-Jan-17
319,PAGA,31-Jan-17
320,PAGA,17-Apr-17
325,PAGA,20-Apr-17
326,PAGA,20-Apr-17
329,PAGA,24-Apr-17
330,PAGA,25-Apr-17
331,PAGA,25-Apr-17
341,PAGA,02-May-17
342,PAGA,03-May-17
343,PAGA,05-May-17
358,PAGA,08-May-17
362,PAGA,09-May-17
368,PAGA,10-May-17
374,PAGA,15-May-17
379,PAGA,15-May-17
383,PAGA,16-May-17
394,PAGA,22-May-17
395,PAGA,22-May-17
401,PAGA,25-May-17
405,PAGA,30-May-17
413,PAGA,01-Jun-17
417,PAGA,05-Jun-17
418,PAGA,05-Jun-17
428,PAGA,07-Jun-17
439,PAGA,08-Jun-17
450,PAGA,12-Jun-17
451,PAGA,13-Jun-17
455,PAGA,13-Jun-17
463,PAGA,15-Jun-17
464,PAGA,16-Jun-17
465,PAGA,19-Jun-17
467,PAGA,20-Jun-17
468,PAGA,20-Jun-17
480,PAGA,30-Jun-17
496,PAGA,03-Jul-17
497,PAGA,03-Jul-17
498,PAGA,04-Jul-17
502,PAGA,05-Jul-17
512,PAGA,06-Jul-17
513,PAGA,06-Jul-17
514,PAGA,10-Jul-17
515,PAGA,10-Jul-17
523,PAGA,12-Jul-17
533,PAGA,13-Jul-17
534,PAGA,17-Jul-17
535,PAGA,17-Jul-17
546,PAGA,20-Jul-17
547,PAGA,20-Jul-17
548,PAGA,21-Jul-17
549,PAGA,21-Jul-17
559,PAGA,13-Jul-17
560,PAGA,25-Jul-17
561,PAGA,10-Jul-17
568,PAGA,31-Jul-17
570,PAGA,01-Aug-17
577,PAGA,03-Aug-17
586,PAGA,07-Aug-17
587,PAGA,07-Aug-17
588,PAGA,07-Aug-17
589,PAGA,10-Aug-17
590,PAGA,09-Aug-17
602,PAGA,16-Aug-17
612,PAGA,21-Aug-17
613,PAGA,21-Aug-17
614,PAGA,21-Aug-17
615,PAGA,21-Aug-17
616,PAGA,21-Aug-17
648,PAGA,28-Aug-17
649,PAGA,28-Aug-17
650,PAGA,24-Aug-17
673,PAGA,11-Sep-17
674,PAGA,11-Sep-17
675,PAGA,11-Sep-17
676,PAGA,11-Sep-17
677,PAGA,04-Sep-17
678,PAGA,04-Sep-17
679,PAGA,05-Sep-17
680,PAGA,06-Sep-17
681,PAGA,06-Sep-17
699,PAGA,
712,PAGA,18-Sep-17
720,PAGA,15-Sep-17
735,PAGA,19-Sep-17
736,PAGA,20-Sep-17
737,PAGA,20-Sep-17
738,PAGA,20-Sep-17
739,PAGA,25-Sep-17
740,PAGA,25-Sep-17
741,PAGA,21-Sep-17
754,PAGA,02-Oct-17
759,PAGA,05-Oct-17
760,PAGA,06-Oct-17
761,PAGA,09-Oct-17
762,PAGA,09-Oct-17
763,PAGA,09-Oct-17
772,PAGA,10-Oct-17
773,PAGA,10-Oct-17
777,PAGA,16-Oct-17
779,PAGA,16-Oct-17
780,PAGA,16-Oct-17
807,PAGA,20-Oct-17
808,PAGA,20-Oct-17
809,PAGA,20-Oct-17
810,PAGA,23-Oct-17
812,PAGA,24-Oct-17
813,PAGA,24-Oct-17
814,PAGA,25-Oct-17
815,PAGA,30-Oct-17
816,PAGA,30-Oct-17
817,PAGA,30-Oct-17
822,PAGA,31-Oct-17
848,PAGA,03-Nov-17
849,PAGA,06-Nov-17
850,PAGA,06-Nov-17
851,PAGA,06-Nov-17
852,PAGA,08-Nov-17
853,PAGA,10-Nov-17
854,PAGA,10-Nov-17
859,PAGA,06-Nov-17
869,PAGA,16-Nov-17
870,PAGA,16-Nov-17
880,PAGA,20-Nov-17
881,PAGA,20-Nov-17
882,PAGA,20-Nov-17
883,PAGA,20-Nov-17
888,PAGA,22-Nov-17
889,PAGA,24-Nov-17
906,PAGA,27-Nov-17
907,PAGA,28-Nov-17
908,PAGA,01-Dec-17
909,PAGA,04-Dec-17
910,PAGA,04-Dec-17
911,PAGA,05-Dec-17
912,PAGA,11-Dec-17
913,PAGA,11-Dec-17
914,PAGA,11-Dec-17
915,PAGA,11-Dec-17
916,PAGA,11-Dec-17
917,PAGA,11-Dec-17
939,PAGA,15-Dec-17
940,PAGA,18-Dec-17
941,PAGA,19-Dec-17
942,PAGA,20-Dec-17
943,PAGA,20-Dec-17
944,PAGA,20-Dec-17
945,PAGA,22-Dec-17
961,PAGA,26-Dec-17
980,PAGA,02-Jan-18
981,PAGA,02-Jan-18
982,PAGA,04-Jan-18
994,PAGA,05-Jan-18
995,PAGA,08-Jan-18
996,PAGA,08-Jan-18
997,PAGA,10-Jan-18
1009,PAGA,15-Jan-18
1010,PAGA,15-Jan-18
1011,PAGA,15-Jan-18
1012,PAGA,15-Jan-18
1031,PAGA,19-Jan-18
1032,PAGA,19-Jan-18
1041,PAGA,22-Jan-18
1047,PAGA,23-Jan-18
1054,PAGA,25-Jan-18
1056,PAGA,29-Jan-18
1057,PAGA,30-Jan-18
1058,PAGA,30-Jan-18
1070,PAGA,01-Feb-18
1074,PAGA,05-Feb-18
1075,PAGA,05-Feb-18
1091,PAGA,09-Feb-18
1107,PAGA,14-Feb-18
1108,PAGA,14-Feb-18
1109,PAGA,14-Feb-18
1110,PAGA,14-Feb-18
1111,PAGA,14-Feb-18
1112,PAGA,15-Feb-18
1117,PAGA,19-Feb-18
1118,PAGA,19-Feb-18
1119,PAGA,20-Feb-18
1120,PAGA,20-Feb-18
1126,PAGA,22-Feb-18
1138,PAGA,23-Feb-18
1139,PAGA,26-Feb-18
1140,PAGA,26-Feb-18
1141,PAGA,28-Feb-18
1151,PAGA,01-Mar-18
1154,PAGA,28-Feb-18
1156,PAGA,31-Jan-18
1158,PAGA,02-Mar-18
1159,PAGA,02-Mar-18
1160,PAGA,05-Mar-18
1161,PAGA,05-Mar-18
1162,PAGA,05-Mar-18
1184,PAGA,07-Mar-18
1193,PAGA,12-Mar-18
1194,PAGA,12-Mar-18
1195,PAGA,12-Mar-18
1196,PAGA,14-Mar-18
1197,PAGA,15-Mar-18
1198,PAGA,15-Mar-18
1199,PAGA,16-Mar-18
1223,PAGA,19-Mar-18
1224,PAGA,20-Mar-18
1225,PAGA,20-Mar-18
1226,PAGA,20-Mar-18
1227,PAGA,26-Mar-18
1228,PAGA,23-Mar-18
1229,PAGA,26-Mar-18
1259,PAGA,02-Apr-18
1260,PAGA,02-Apr-18
1261,PAGA,05-Apr-18
1262,PAGA,09-Apr-18
1263,PAGA,09-Apr-18
1264,PAGA,10-Apr-18
1265,PAGA,10-Apr-18
1266,PAGA,30-Mar-18
1267,PAGA,30-Mar-18
1279,PAGA,16-Apr-18
1280,PAGA,16-Apr-18
1281,PAGA,16-Apr-18
1287,PAGA,20-Apr-18
1288,PAGA,20-Apr-18
1290,PAGA,23-Apr-18
1300,PAGA,25-Apr-18
1301,PAGA,26-Apr-18
1325,PAGA,30-May-18
1326,PAGA,30-Apr-18
1327,PAGA,30-Apr-18
1328,PAGA,02-May-18
1329,PAGA,02-May-18
1332,PAGA,05-May-18
1333,PAGA,07-May-18
1334,PAGA,07-May-18
1335,PAGA,08-May-18
1381,PAGA,10-May-18
1382,PAGA,14-May-18
1383,PAGA,14-May-18
1384,PAGA,14-May-18
1385,PAGA,14-May-18
1386,PAGA,15-May-18
1387,PAGA,16-May-18
1388,PAGA,21-May-18
1389,PAGA,21-May-18
1390,PAGA,24-May-18
1391,PAGA,28-May-18
1392,PAGA,28-May-18
1393,PAGA,28-May-18
1394,PAGA,28-May-18
1395,PAGA,28-May-18
1396,PAGA,28-May-18
1397,PAGA,29-May-18
1427,PAGA,04-Jun-18
1428,PAGA,04-Jun-18
1429,PAGA,06-Jun-18
1433,PAGA,07-Jun-18
1434,PAGA,08-Jun-18
1451,PAGA,11-Jun-18
1452,PAGA,11-Jun-18
1455,PAGA,15-Jun-18
1461,PAGA,18-Jun-18
1471,PAGA,20-Jun-18
1472,PAGA,20-Jun-18
1473,PAGA,22-Jun-18
1474,PAGA,25-Jun-18
1475,PAGA,25-Jun-18
1476,PAGA,25-Jun-18
1477,PAGA,25-Jun-18
1485,PAGA,25-Jun-18
1489,PAGA,26-Jun-18
1490,PAGA,27-Jul-18
1491,PAGA,27-Jun-18
1492,PAGA,28-Jun-18
1493,PAGA,29-Jun-18
1494,PAGA,02-Jul-18
1536,PAGA,03-Jul-18
1537,PAGA,04-Jul-18
1538,PAGA,09-Jul-18
1539,PAGA,09-Jul-18
1540,PAGA,10-Jul-18
1541,PAGA,16-Jul-18
1553,PAGA,20-Jul-18
1554,PAGA,20-Jul-18
1566,PAGA,05-Jul-18
1567,PAGA,23-Jul-18
1568,PAGA,23-Jul-18
1569,PAGA,23-Jul-18
1570,PAGA,24-Jul-18
1571,PAGA,29-Jun-18
1576,PAGA,26-Jul-18
1577,PAGA,27-Jul-18
1578,PAGA,27-Jul-18
1583,PAGA,30-Jul-18
1584,PAGA,30-Jul-18
1593,PAGA,02-Aug-18
1610,PAGA,06-Aug-18
1611,PAGA,06-Aug-18
1612,PAGA,06-Aug-18
1613,PAGA,06-Aug-18
1614,PAGA,09-Aug-18
1615,PAGA,25-Jul-18
1616,PAGA,25-Aug-18
1617,PAGA,10-Aug-18
1635,PAGA,30-Aug-18
1636,PAGA,13-Aug-18
1637,PAGA,13-Aug-18
1640,PAGA,17-Aug-18
1641,PAGA,15-Aug-18
1644,PAGA,20-Aug-18
1645,PAGA,20-Aug-18
1646,PAGA,20-Aug-18
1647,PAGA,20-Aug-18
1648,PAGA,22-Aug-18
1654,PAGA,27-Aug-18
1655,PAGA,27-Aug-18
1656,PAGA,27-Aug-18
1674,PAGA,28-Aug-18
1675,PAGA,28-Aug-18
1684,PAGA,31-Aug-18
1685,PAGA,28-Aug-18
1686,PAGA,31-Aug-18
1687,PAGA,03-Sep-18
1688,PAGA,03-Sep-18
1689,PAGA,03-Sep-18
1691,PAGA,05-Sep-18
1703,PAGA,06-Sep-18
1704,PAGA,10-Sep-18
1705,PAGA,10-Sep-18
1706,PAGA,10-Sep-18
1712,PAGA,11-Sep-18
1729,PAGA,17-Sep-18
1730,PAGA,17-Sep-18
1731,PAGA,17-Sep-18
1732,PAGA,20-Sep-18
1733,PAGA,20-Sep-18
1736,PAGA,21-Sep-18
1737,PAGA,21-Sep-18
1746,PAGA,24-Sep-18
1747,PAGA,24-Sep-18
1748,PAGA,24-Sep-18
1759,PAGA,27-Sep-18
1762,PAGA,25-Sep-18
1763,PAGA,28-Sep-18
1771,PAGA,01-Oct-18
1772,PAGA,01-Oct-18
1773,PAGA,02-Oct-18
1774,PAGA,03-Oct-18
1776,PAGA,29-Sep-18
1777,PAGA,04-Oct-18
1778,PAGA,05-Oct-18
1781,PAGA,09-Oct-18
1782,PAGA,08-Oct-18
1783,PAGA,08-Oct-18
1784,PAGA,08-Oct-18
1785,PAGA,09-Oct-18
1796,PAGA,10-Oct-18
1797,PAGA,10-Oct-18
1798,PAGA,15-Oct-18
1799,PAGA,15-Oct-18
1800,PAGA,15-Oct-18
1801,PAGA,16-Oct-18
1833,PAGA,22-Oct-18
1834,PAGA,22-Oct-18
1835,PAGA,22-Oct-18
1836,PAGA,22-Oct-18
1837,PAGA,22-Oct-18
1838,PAGA,23-Oct-18
1845,PAGA,25-Oct-18
1847,PAGA,29-Oct-18
1848,PAGA,29-Oct-18
1849,PAGA,29-Oct-18
1867,PAGA,01-Nov-18
1868,PAGA,31-Oct-18
1869,PAGA,05-Nov-18
1870,PAGA,05-Nov-18
1871,PAGA,05-Nov-18
1872,PAGA,05-Nov-18
1873,PAGA,05-Nov-18
1882,PAGA,07-Nov-18
1883,PAGA,07-Nov-18
1885,PAGA,12-Nov-18
1886,PAGA,12-Nov-18
1887,PAGA,12-Nov-18
1888,PAGA,15-Nov-18
1889,PAGA,15-Nov-18
1913,PAGA,20-Nov-18
1914,PAGA,13-Nov-18
1915,PAGA,21-Nov-18
1916,PAGA,21-Nov-18
1917,PAGA,23-Nov-18
1918,PAGA,24-Dec-18
1919,PAGA,26-Nov-18
1920,PAGA,26-Nov-18
1921,PAGA,27-Nov-18
1924,PAGA,28-Nov-18
1930,PAGA,03-Dec-18
1931,PAGA,03-Dec-18
1932,PAGA,04-Dec-18
1933,PAGA,11-Dec-18
1940,PAGA,04-Dec-18
1943,PAGA,30-Nov-18
1947,PAGA,06-Dec-18
1953,PAGA,07-Dec-18
1954,PAGA,10-Dec-18
1955,PAGA,10-Dec-18
1971,PAGA,17-Dec-18
1972,PAGA,17-Dec-18
1973,PAGA,17-Dec-18
1983,PAGA,20-Dec-18
1984,PAGA,20-Dec-18
1985,PAGA,26-Dec-18
1992,PAGA,21-Dec-18
1993,PAGA,21-Dec-18
1996,PAGA,28-Dec-18
2010,PAGA,31-Dec-18
2011,PAGA,31-Dec-18
2012,PAGA,31-Dec-18
2013,PAGA,31-Dec-18
2014,PAGA,04-Jan-19
2015,PAGA,05-Jan-19
2016,PAGA,07-Jan-19
2017,PAGA,07-Jan-19
2018,PAGA,07-Jan-19
2019,PAGA,07-Jan-19
2021,PAGA,10-Jan-19
2022,PAGA,10-Jan-19
2023,PAGA,12-Jan-19
2024,PAGA,14-Jan-19
2035,PAGA,15-Jan-19
2036,PAGA,16-Jan-19
2038,PAGA,21-Jan-19
2039,PAGA,21-Jan-19
2040,PAGA,21-Jan-19
2041,PAGA,21-Jan-19
2056,PAGA,23-Jan-19
2057,PAGA,23-Jan-19
2058,PAGA,23-Jan-19
2066,PAGA,28-Jan-19
2069,PAGA,31-Jan-19
2071,PAGA,04-Feb-19
2072,PAGA,04-Feb-19
2073,PAGA,04-Feb-19
2074,PAGA,04-Feb-19
2075,PAGA,05-Feb-19
2077,PAGA,11-Feb-19
2078,PAGA,11-Feb-19
2079,PAGA,11-Feb-19
2080,PAGA,11-Feb-19
2081,PAGA,12-Feb-19
2082,PAGA,31-Jan-19
2094,PAGA,13-Feb-19
2095,PAGA,15-Feb-19
2098,PAGA,18-Feb-19
2099,PAGA,20-Feb-19
2100,PAGA,20-Feb-19
2118,PAGA,21-Feb-19
2119,PAGA,21-Feb-19
2131,PAGA,23-Feb-19
2132,PAGA,25-Feb-19
2133,PAGA,25-Feb-19
2134,PAGA,25-Feb-19
2135,PAGA,25-Feb-19
2136,PAGA,25-Feb-19
2137,PAGA,04-Mar-19
2138,PAGA,04-Mar-19
2139,PAGA,04-Mar-19
2140,PAGA,05-Mar-19
2141,PAGA,11-Mar-19
2142,PAGA,11-Mar-19
2143,PAGA,11-Mar-19
2145,PAGA,12-Mar-19
2146,PAGA,12-Mar-19
2147,PAGA,13-Mar-19
2148,PAGA,13-Mar-19
2149,PAGA,18-Mar-19
2150,PAGA,18-Mar-19
2151,PAGA,18-Mar-19
2152,PAGA,20-Mar-19
2153,PAGA,20-Mar-19
2207,PAGA,22-Mar-19
2208,PAGA,21-Mar-19
2211,PAGA,27-Mar-19
2212,PAGA,27-Mar-19
2213,PAGA,27-Mar-19
2214,PAGA,25-Mar-19
2215,PAGA,28-Mar-19
2229,PAGA,30-Mar-19
2234,PAGA,03-Apr-19
2235,PAGA,03-Apr-19
2239,PAGA,04-Apr-19
2241,PAGA,10-Apr-19
2242,PAGA,10-Apr-19
2243,PAGA,10-Apr-19
2244,PAGA,10-Apr-19
2254,PAGA,15-Apr-19
2255,PAGA,15-Apr-19
2256,PAGA,29-Mar-19
2272,PAGA,16-Apr-19
2275,PAGA,22-Apr-19
2276,PAGA,22-Apr-19
2277,PAGA,22-Apr-19
2278,PAGA,22-Apr-19
2279,PAGA,22-Apr-19
2284,PAGA,25-Apr-19
2285,PAGA,25-Apr-19
2287,PAGA,29-Apr-19
2288,PAGA,30-Apr-19
2294,PAGA,30-Apr-19
2302,PAGA,06-May-19
2303,PAGA,06-May-19
2304,PAGA,06-May-19
2313,PAGA,09-May-19
2314,PAGA,10-May-19
2315,PAGA,10-May-19
2316,PAGA,10-May-19
2323,PAGA,16-May-19
2346,PAGA,17-May-19
2347,PAGA,17-May-19
2348,PAGA,20-May-19
2349,PAGA,20-May-19
2350,PAGA,20-May-19
2351,PAGA,21-May-19
2354,PAGA,23-May-19
2360,PAGA,27-May-19
2362,PAGA,30-May-19
2385,PAGA,03-Jun-19
2386,PAGA,03-Jun-19
2387,PAGA,04-Jun-19
2395,PAGA,07-Jun-19
2396,PAGA,10-Jun-19
2397,PAGA,10-Jun-19
2398,PAGA,10-Jun-19
2399,PAGA,10-Jun-19
2400,PAGA,10-Jun-19
2401,PAGA,10-Jun-19
2404,PAGA,12-Jun-19
2417,PAGA,11-Jun-19
2423,PAGA,17-Jun-19
2424,PAGA,17-Jun-19
2425,PAGA,17-Jun-19
2426,PAGA,21-Jun-19
2427,PAGA,21-Jun-19
2428,PAGA,24-Jun-19
2429,PAGA,24-Jun-19
2430,PAGA,24-Jun-19
2431,PAGA,25-Jun-19
2461,PAGA,01-Jul-19
2462,PAGA,28-Jun-19
2463,PAGA,02-Jul-19
2470,PAGA,03-Jul-19
2471,PAGA,03-Jul-19
2472,PAGA,04-Jul-19
2473,PAGA,05-Jul-19
2475,PAGA,08-Jul-19
2476,PAGA,08-Jul-19
2477,PAGA,09-Jul-19
2478,PAGA,09-Jul-19
2479,PAGA,10-Jul-19
2480,PAGA,10-Jul-19
2481,PAGA,12-Jul-19
2483,PAGA,15-Jul-19
2484,PAGA,16-Jul-19
2485,PAGA,16-Jul-19
2521,PAGA,22-Jul-19
2522,PAGA,22-Jul-19
2523,PAGA,22-Jul-19
2524,PAGA,22-Jul-19
2525,PAGA,22-Jul-19
2526,PAGA,24-Jul-19
2527,PAGA,25-Jul-19
2528,PAGA,25-Jul-19
2557,PAGA,31-Jul-19
2558,PAGA,02-Aug-19
2559,PAGA,05-Aug-19
2560,PAGA,05-Aug-19
2561,PAGA,09-Aug-19
2562,PAGA,08-Aug-19
2563,PAGA,12-Aug-19
2564,PAGA,12-Aug-19
2565,PAGA,12-Aug-19
2566,PAGA,12-Aug-19
2567,PAGA,14-Aug-19
2568,PAGA,16-Aug-19
2575,PAGA,19-Aug-19
2576,PAGA,31-Jul-19
2580,PAGA,20-Aug-19
2581,PAGA,20-Aug-19
2582,PAGA,20-Aug-19
2583,PAGA,20-Aug-19
2584,PAGA,21-Aug-19
2586,PAGA,26-Aug-19
2587,PAGA,26-Aug-19
2589,PAGA,26-Aug-19
2606,PAGA,30-Aug-19
2626,PAGA,02-Sep-19
2627,PAGA,04-Sep-19
2628,PAGA,09-Sep-19
2629,PAGA,09-Sep-19
2630,PAGA,10-Sep-19
2631,PAGA,10-Sep-19
2632,PAGA,10-Sep-19
2633,PAGA,10-Sep-19
2634,PAGA,11-Sep-19
2635,PAGA,11-Sep-19
2642,PAGA,13-Sep-19
2655,PAGA,18-Sep-19
2666,PAGA,31-Aug-19
2668,PAGA,20-Sep-19
2669,PAGA,20-Sep-19
2670,PAGA,20-Sep-19
2675,PAGA,23-Sep-19
2676,PAGA,24-Sep-19
2677,PAGA,25-Sep-19
2703,PAGA,28-Sep-19
2704,PAGA,30-Sep-19
2705,PAGA,30-Sep-19
2706,PAGA,01-Oct-19
2710,PAGA,30-Sep-19
2714,PAGA,04-Oct-19
2716,PAGA,08-Oct-19
2717,PAGA,08-Oct-19
2718,PAGA,09-Oct-19
2719,PAGA,10-Oct-19
2720,PAGA,10-Oct-19
2721,PAGA,10-Oct-19
2732,PAGA,14-Oct-19
2733,PAGA,16-Oct-19
2734,PAGA,21-Oct-19
2735,PAGA,21-Oct-19
2736,PAGA,21-Oct-19
2737,PAGA,21-Oct-19
2738,PAGA,21-Oct-19
2741,PAGA,24-Oct-19
2749,PAGA,25-Oct-19
2750,PAGA,28-Oct-19
2751,PAGA,29-Oct-19
2757,PAGA,04-Nov-19
2758,PAGA,04-Nov-19
2782,PAGA,07-Nov-19
2783,PAGA,08-Nov-19
2784,PAGA,11-Nov-19
2785,PAGA,11-Nov-19
2791,PAGA,18-Nov-19
2792,PAGA,18-Nov-19
2793,PAGA,18-Nov-19
2819,PAGA,20-Nov-19
2820,PAGA,20-Nov-19
2821,PAGA,21-Nov-19
2822,PAGA,25-Nov-19
2823,PAGA,25-Nov-19
2824,PAGA,26-Nov-19
2844,PAGA,28-Nov-19
2845,PAGA,29-Nov-19
2851,PAGA,04-Dec-19
2869,PAGA,09-Dec-19
2870,PAGA,10-Dec-19
2871,PAGA,10-Dec-19
2872,PAGA,10-Dec-19
2873,PAGA,11-Dec-19
2874,PAGA,16-Dec-19
2875,PAGA,16-Dec-19
2876,PAGA,16-Dec-19
2877,PAGA,20-Dec-19
2878,PAGA,20-Dec-19
2879,PAGA,23-Dec-19
2880,PAGA,30-Nov-19
2884,PAGA,26-Dec-19
2885,PAGA,30-Dec-19
2886,PAGA,02-Jan-20
2892,PAGA,06-Jan-20
2893,PAGA,06-Jan-20
2925,PAGA,10-Jan-20
2926,PAGA,10-Jan-20
2927,PAGA,13-Jan-20
2928,PAGA,14-Jan-20
2929,PAGA,16-Jan-20
2941,PAGA,20-Jan-20
2942,PAGA,20-Jan-20
2943,PAGA,20-Jan-20
2951,PAGA,24-Jan-20
2959,PAGA,27-Jan-20
2960,PAGA,27-Jan-20
2965,PAGA,31-Oct-19
2966,PAGA,31-Dec-19
2973,PAGA,28-Jan-20
2979,PAGA,31-Jan-20
2980,PAGA,31-Jan-20
2981,PAGA,31-Jan-20
2990,PAGA,10-Jan-20
2992,PAGA,04-Feb-20
2993,PAGA,04-Feb-20
3000,PAGA,07-Feb-20
3001,PAGA,10-Feb-20
3002,PAGA,10-Feb-20
3003,PAGA,10-Feb-20
3004,PAGA,10-Feb-20
3005,PAGA,11-Feb-20
3006,PAGA,17-Feb-20
3007,PAGA,17-Feb-20
3019,PAGA,20-Feb-20
3020,PAGA,20-Feb-20
3021,PAGA,20-Feb-20
3023,PAGA,21-Feb-20
3024,PAGA,21-Feb-20
3035,PAGA,27-Feb-20
3036,PAGA,02-Mar-20
3037,PAGA,02-Mar-20
3056,PAGA,17-Feb-20
3057,PAGA,29-Feb-20
3060,PAGA,06-Mar-20
3061,PAGA,06-Mar-20
3062,PAGA,09-Mar-20
3067,PAGA,10-Mar-20
3068,PAGA,11-Mar-20
3069,PAGA,11-Mar-20
3071,PAGA,16-Mar-20
3072,PAGA,20-Mar-20
3073,PAGA,20-Mar-20
3079,PAGA,23-Mar-20
3080,PAGA,23-Mar-20
3081,PAGA,25-Mar-20
3091,PAGA,30-Mar-20
3092,PAGA,08-Apr-20
3093,PAGA,07-Apr-20
3094,PAGA,13-Apr-20
3095,PAGA,13-Apr-20
3112,PAGA,28-Apr-20
3113,PAGA,27-Apr-20
3114,PAGA,28-Apr-20
3141,PAGA,25-Mar-20
3142,PAGA,27-Apr-20
3144,PAGA,20-Apr-20
3145,PAGA,20-Apr-20
3146,PAGA,26-May-20
3147,PAGA,18-May-20
3148,PAGA,20-May-20
3149,PAGA,20-May-20
3150,PAGA,21-May-20
3151,PAGA,21-May-20
3152,PAGA,25-May-20
3153,PAGA,25-May-20
3154,PAGA,28-May-20
3155,PAGA,28-May-20
3156,PAGA,29-May-20
3157,PAGA,29-May-20
3180,PAGA,09-Jun-20
3181,PAGA,10-Jun-20
3182,PAGA,11-Jun-20
3183,PAGA,12-Jun-20
3184,PAGA,19-Jun-20
3185,PAGA,19-Jun-20
3186,PAGA,22-Jun-20
3187,PAGA,22-Apr-20
3188,PAGA,25-Jun-20
3207,PAGA,26-Jun-20
3208,PAGA,30-Jun-20
3245,PAGA,06-Jul-20
3246,PAGA,07-Jul-20
3247,PAGA,07-Jul-20
3248,PAGA,09-Jul-20
3249,PAGA,09-Jul-20
3250,PAGA,10-Jul-20
3251,PAGA,10-Jul-20
3252,PAGA,13-Jul-20
3253,PAGA,13-Jul-20
3254,PAGA,14-Jul-20
3255,PAGA,17-Jul-20
3256,PAGA,20-Jul-20
3257,PAGA,20-Jul-20
3258,PAGA,20-Jul-20
3259,PAGA,22-Jul-20
3260,PAGA,24-Jul-20
3261,PAGA,24-Jul-20
3262,PAGA,27-Jul-20
3286,PAGA,31-Jul-20
3287,PAGA,31-Jul-20
3288,PAGA,31-Jul-20
3298,PAGA,03-Aug-20
3299,PAGA,04-Aug-20
3301,PAGA,07-Aug-20
3302,PAGA,07-Aug-20
3303,PAGA,10-Aug-20
3304,PAGA,10-Aug-20
3305,PAGA,10-Aug-20
3306,PAGA,11-Aug-20
3307,PAGA,11-Aug-20
3308,PAGA,11-Aug-20
3323,PAGA,03-Aug-20
3324,PAGA,04-Aug-20
3325,PAGA,07-Aug-20
3326,PAGA,07-Aug-20
3327,PAGA,10-Aug-20
3328,PAGA,10-Aug-20
3329,PAGA,10-Aug-20
3330,PAGA,10-Aug-20
3331,PAGA,11-Aug-20
3332,PAGA,11-Aug-20
3333,PAGA,11-Aug-20
3334,PAGA,17-Aug-20
3335,PAGA,17-Aug-20
3405,PAGA,20-Aug-20
3406,PAGA,20-Aug-20
3407,PAGA,21-Aug-20
3408,PAGA,21-Aug-20
3409,PAGA,21-Aug-20
3412,PAGA,24-Aug-20
3413,PAGA,24-Aug-20
3414,PAGA,28-Aug-20
3415,PAGA,31-Aug-20
3416,PAGA,03-Sep-20
3417,PAGA,03-Sep-20
3418,PAGA,04-Sep-20
3419,PAGA,09-Sep-20
3420,PAGA,09-Sep-20
3421,PAGA,10-Sep-20
3422,PAGA,10-Sep-20
3423,PAGA,11-Sep-20
3424,PAGA,11-Sep-20
3425,PAGA,14-Sep-20
3426,PAGA,14-Sep-20
3427,PAGA,15-Sep-20
3428,PAGA,15-Sep-20
3429,PAGA,16-Sep-20
3430,PAGA,17-Sep-20
3431,PAGA,17-Sep-20
3432,PAGA,18-Sep-20
3433,PAGA,18-Sep-20
3434,PAGA,21-Sep-20
3435,PAGA,21-Sep-20
3436,PAGA,21-Sep-20
3437,PAGA,22-Sep-20
3438,PAGA,25-Sep-20
3439,PAGA,28-Sep-20
3440,PAGA,31-Aug-20
3441,PAGA,30-Sep-20
3500,PAGA,25-Sep-20
3501,PAGA,05-Oct-20
3502,PAGA,05-Oct-20
3503,PAGA,05-Oct-20
3504,PAGA,08-Oct-20
3505,PAGA,08-Oct-20
3506,PAGA,09-Oct-20
3507,PAGA,09-Oct-20
3508,PAGA,13-Oct-20
3509,PAGA,13-Oct-20
3510,PAGA,13-Oct-20
3511,PAGA,14-Oct-20
3512,PAGA,15-Oct-20
3513,PAGA,15-Oct-20
3514,PAGA,16-Oct-20
3515,PAGA,19-Oct-20
3516,PAGA,20-Oct-20
3517,PAGA,20-Oct-20
3518,PAGA,23-Oct-20
3519,PAGA,23-Oct-20
3520,PAGA,27-Oct-20
3521,PAGA,20-Nov-20
3523,PAGA,08-Oct-20
3528,PAGA,08-Oct-20
3529,PAGA,30-Oct-20
3530,PAGA,03-Nov-20
3531,PAGA,03-Nov-20
3540,PAGA,06-Nov-20
3546,PAGA,09-Nov-20
3547,PAGA,09-Nov-20
3548,PAGA,09-Nov-20
3549,PAGA,09-Nov-20
3550,PAGA,10-Nov-20
3551,PAGA,10-Nov-20
3552,PAGA,11-Nov-20
3553,PAGA,11-Nov-20
3576,PAGA,16-Nov-20
3577,PAGA,16-Nov-20
3587,PAGA,20-Nov-20
3588,PAGA,20-Nov-20
3589,PAGA,20-Nov-20
3590,PAGA,21-Dec-20
3591,PAGA,23-Nov-20
3592,PAGA,23-Nov-20
3598,PAGA,25-Nov-20
3617,PAGA,27-Nov-20
3634,PAGA,25-Nov-20
3635,PAGA,30-Nov-20
3636,PAGA,01-Dec-20
3637,PAGA,04-Dec-20
3638,PAGA,07-Dec-20
3639,PAGA,09-Dec-20
3660,PAGA,10-Dec-20
3661,PAGA,10-Dec-20
3662,PAGA,10-Dec-20
3663,PAGA,11-Dec-20
3664,PAGA,14-Dec-20
3682,PAGA,18-Dec-20
3683,PAGA,21-Dec-20
3684,PAGA,21-Dec-20
3685,PAGA,21-Dec-20
3686,PAGA,23-Dec-20
3695,PAGA,23-Dec-20
3696,PAGA,28-Dec-20
3697,PAGA,28-Dec-20
3698,PAGA,11-Dec-20
3713,PAGA,30-Dec-20
3763,PAGA,05-Jan-21
3764,PAGA,05-Jan-21
3765,PAGA,08-Jan-21
3766,PAGA,11-Feb-21
3767,PAGA,11-Jan-21
3768,PAGA,11-Jan-21
3769,PAGA,11-Jan-21
3770,PAGA,11-Jan-21
3771,PAGA,12-Jan-21
3772,PAGA,15-Jan-21
3773,PAGA,18-Jan-21
3774,PAGA,20-Jan-21
3775,PAGA,20-Jan-21
3776,PAGA,20-Jan-21
3777,PAGA,22-Jan-21
3778,PAGA,22-Jan-21
3779,PAGA,23-Jan-21
3780,PAGA,25-Jan-21
3781,PAGA,25-Jan-21
3782,PAGA,25-Jan-21
3783,PAGA,29-Jan-21
3784,PAGA,30-Jan-21
3794,PAGA,01-Feb-21
3795,PAGA,01-Feb-21
3796,PAGA,01-Feb-21
3797,PAGA,02-Feb-21
3798,PAGA,05-Feb-21
3799,PAGA,08-Feb-21
3800,PAGA,08-Feb-21
3801,PAGA,10-Feb-21
3802,PAGA,10-Feb-21
3803,PAGA,17-Feb-21
3810,PAGA,17-Feb-21
3811,PAGA,19-Feb-21
3812,PAGA,10-Feb-21
3848,PAGA,20-Feb-21
3849,PAGA,22-Feb-21
3850,PAGA,22-Feb-21
3851,PAGA,22-Feb-21
3852,PAGA,22-Feb-21
3853,PAGA,25-Feb-21
3854,PAGA,25-Feb-21
3855,PAGA,25-Feb-21
3856,PAGA,26-Feb-21
3857,PAGA,26-Feb-21
3864,PAGA,01-Mar-21
3865,PAGA,01-Mar-21
3866,PAGA,05-Mar-21
3867,PAGA,08-Mar-21
3868,PAGA,09-Mar-21
3869,PAGA,10-Mar-21
3870,PAGA,10-Mar-21
3871,PAGA,10-Mar-21
3872,PAGA,12-Mar-21
3873,PAGA,15-Mar-21
3874,PAGA,19-Mar-21
3877,PAGA,22-Mar-21
3878,PAGA,22-Mar-21
3879,PAGA,22-Mar-21
3880,PAGA,22-Mar-21
3883,PAGA,23-Mar-21
3891,PAGA,26-Mar-21
3892,PAGA,25-Mar-21
3893,PAGA,25-Mar-21
3894,PAGA,29-Mar-21
3895,PAGA,29-Mar-21
3896,PAGA,29-Mar-21
3899,PAGA,10-Mar-21
3900,PAGA,31-Mar-21
3917,PAGA,05-Apr-21
3918,PAGA,31-Mar-21
3941,PAGA,09-Apr-21
3942,PAGA,12-Apr-21
3943,PAGA,12-Apr-21
3944,PAGA,12-Apr-21
3945,PAGA,13-Apr-21
3946,PAGA,14-Apr-21
3947,PAGA,15-Apr-21
3948,PAGA,19-Apr-21
3949,PAGA,20-Apr-21
3950,PAGA,20-Apr-21
3951,PAGA,20-Apr-21
3952,PAGA,20-Apr-21
3953,PAGA,23-Apr-21
3957,PAGA,26-Apr-21
3958,PAGA,26-Apr-21
3959,PAGA,26-Apr-21
3960,PAGA,27-Apr-21
3964,PAGA,29-Apr-21
3998,PAGA,30-Apr-21
4002,PAGA,10-May-21
4003,PAGA,10-May-21
4004,PAGA,11-May-21
4005,PAGA,12-May-21
4006,PAGA,14-May-21
4007,PAGA,17-May-21
4008,PAGA,17-May-21
4009,PAGA,20-May-21
4010,PAGA,20-May-21
4011,PAGA,20-May-21
4012,PAGA,24-May-21
4013,PAGA,25-May-21
4014,PAGA,25-May-21
4015,PAGA,28-May-21
4016,PAGA,28-May-21
4017,PAGA,28-May-21
4019,PAGA,31-May-21
4020,PAGA,11-May-21
4049,PAGA,31-May-21
4082,PAGA,01-Jun-21
4083,PAGA,04-Jun-21
4084,PAGA,07-Jun-21
4085,PAGA,09-Jun-21
4086,PAGA,10-Jun-21
4087,PAGA,10-Jun-21
4088,PAGA,11-Jun-21
4089,PAGA,15-Jun-21
4090,PAGA,15-Jun-21
4091,PAGA,21-Jun-21
4092,PAGA,21-Jun-21
4093,PAGA,21-Jun-21
4094,PAGA,25-Jun-21
4095,PAGA,25-Jun-21
4096,PAGA,28-Jun-21
4097,PAGA,25-Jun-21
4098,PAGA,30-Jun-21
4144,PAGA,02-Jul-21
4145,PAGA,05-Jul-21
4146,PAGA,07-Jul-21
4147,PAGA,12-Jul-21
4148,PAGA,12-Jul-21
4150,PAGA,19-Jul-21
4151,PAGA,20-Jul-21
4152,PAGA,20-Jul-21
4153,PAGA,20-Jul-21
4154,PAGA,20-Jul-21
4155,PAGA,23-Jul-21
4156,PAGA,26-Jul-21
4157,PAGA,26-Jul-21
4158,PAGA,26-Jul-21
4159,PAGA,28-Jul-21
4162,PAGA,29-Jul-21
4163,PAGA,30-Jul-21
4164,PAGA,31-Jul-21
4194,PAGA,05-Aug-21
4195,PAGA,06-Aug-21
4196,PAGA,06-Aug-21
4197,PAGA,09-Aug-21
4198,PAGA,10-Aug-21
4199,PAGA,13-Aug-21
4200,PAGA,16-Aug-21
4201,PAGA,16-Aug-21
4202,PAGA,20-Aug-21
4203,PAGA,20-Aug-21
4204,PAGA,20-Aug-21
4205,PAGA,20-Aug-21
4206,PAGA,23-Aug-21
4207,PAGA,23-Aug-21
4208,PAGA,26-Aug-21
4209,PAGA,27-Aug-21
4235,PAGA,31-Aug-21
4236,PAGA,31-Aug-21
4282,PAGA,03-Sep-21
4283,PAGA,03-Sep-21
4284,PAGA,06-Sep-21
4285,PAGA,09-Sep-21
4286,PAGA,10-Sep-21
4287,PAGA,10-Sep-21
4288,PAGA,10-Sep-21
4289,PAGA,13-Sep-21
4290,PAGA,17-Sep-21
4291,PAGA,20-Sep-21
4292,PAGA,20-Sep-21
4293,PAGA,20-Sep-21
4294,PAGA,20-Sep-21
4295,PAGA,24-Sep-21
4296,PAGA,24-Sep-21
4297,PAGA,27-Sep-21
4298,PAGA,27-Sep-21
4299,PAGA,30-Sep-21
4313,PAGA,01-Oct-21
4314,PAGA,01-Oct-21
4315,PAGA,08-Oct-21
4316,PAGA,08-Oct-21
4317,PAGA,11-Oct-21
4318,PAGA,11-Oct-21
4319,PAGA,11-Oct-21
4320,PAGA,13-Oct-21
4321,PAGA,15-Oct-21
4322,PAGA,18-Oct-21
4323,PAGA,18-Oct-21
4324,PAGA,19-Oct-21
4325,PAGA,19-Oct-21
4331,PAGA,20-Oct-21
4332,PAGA,20-Oct-21
4333,PAGA,22-Oct-21
4334,PAGA,25-Oct-21
4335,PAGA,25-Oct-21
4336,PAGA,25-Oct-21
4337,PAGA,29-Oct-21
4338,PAGA,29-Oct-21
4339,PAGA,29-Oct-21
4356,PAGA,01-Nov-21
4357,PAGA,05-Nov-21
4358,PAGA,05-Nov-21
4359,PAGA,08-Nov-21
4360,PAGA,08-Nov-21
4361,PAGA,08-Nov-21
4362,PAGA,09-Nov-21
4363,PAGA,10-Nov-21
4364,PAGA,11-Nov-21
4365,PAGA,11-Nov-21
4366,PAGA,12-Nov-21
4368,PAGA,16-Nov-21
4369,PAGA,16-Nov-21
4370,PAGA,18-Nov-21
4391,PAGA,22-Nov-21
4392,PAGA,22-Nov-21
4393,PAGA,22-Nov-21
4394,PAGA,24-Nov-21
4395,PAGA,25-Nov-21
4396,PAGA,
4397,PAGA,29-Nov-21
4398,PAGA,30-Nov-21
4401,PAGA,30-Nov-21
4422,PAGA,01-Dec-21
4423,PAGA,03-Dec-21
4424,PAGA,06-Dec-21
4425,PAGA,07-Dec-21
4426,PAGA,09-Dec-21
4427,PAGA,10-Dec-21
4428,PAGA,10-Dec-21
4429,PAGA,13-Dec-21
4430,PAGA,13-Dec-21
4431,PAGA,15-Dec-21
4432,PAGA,16-Dec-21
4433,PAGA,17-Dec-21
4435,PAGA,20-Dec-21
4436,PAGA,20-Dec-21
4437,PAGA,20-Dec-21
4438,PAGA,21-Dec-21
4454,PAGA,24-Dec-21
4455,PAGA,24-Dec-21
4456,PAGA,27-Dec-21
4457,PAGA,27-Dec-21
4458,PAGA,31-Dec-21
4459,PAGA,31-Dec-21
4460,PAGA,31-Dec-21
4461,PAGA,31-Dec-21
4468,PAGA,07-Jan-22
4469,PAGA,07-Jan-22
4470,PAGA,07-Jan-22
4475,PAGA,10-Jan-22
4476,PAGA,10-Jan-22
4477,PAGA,11-Jan-22
4478,PAGA,12-Jan-22
4479,PAGA,14-Jan-22
4480,PAGA,17-Jan-22
4481,PAGA,17-Jan-22
4482,PAGA,20-Jan-22
4483,PAGA,20-Jan-22
4484,PAGA,20-Jan-22
4485,PAGA,21-Jan-22
4486,PAGA,24-Jan-22
4487,PAGA,24-Jan-22
4488,PAGA,25-Jan-22
4492,PAGA,31-Jan-22
4509,PAGA,31-Jan-22
4515,PAGA,31-Jan-22
4536,PAGA,07-Feb-22
4537,PAGA,07-Feb-22
4538,PAGA,10-Feb-22
4539,PAGA,10-Feb-22
4540,PAGA,11-Feb-22
4541,PAGA,14-Feb-22
4542,PAGA,15-Feb-22
4543,PAGA,21-Feb-22
4544,PAGA,21-Feb-22
4545,PAGA,24-Feb-22
4546,PAGA,25-Feb-22
4547,PAGA,25-Feb-22
4548,PAGA,26-Feb-22
4549,PAGA,26-Feb-22
4564,PAGA,04-Mar-22
4565,PAGA,04-Mar-22
4566,PAGA,07-Mar-22
4567,PAGA,08-Mar-22
4568,PAGA,09-Mar-22
4569,PAGA,10-Mar-22
4570,PAGA,10-Mar-22
4573,PAGA,11-Mar-22
4584,PAGA,17-Mar-22
4585,PAGA,21-Mar-22
4586,PAGA,21-Mar-22
4587,PAGA,21-Mar-22
4588,PAGA,21-Mar-22
4589,PAGA,21-Mar-22
4590,PAGA,23-Mar-22
4596,PAGA,23-Mar-22
4597,PAGA,25-Mar-22
4598,PAGA,25-Mar-22
4599,PAGA,28-Mar-22
4600,PAGA,28-Mar-22
4601,PAGA,30-Mar-22
4607,PAGA,31-Mar-22
4608,PAGA,31-Mar-22
4642,PAGA,01-Apr-22
4643,PAGA,04-Apr-22
4644,PAGA,04-Apr-22
4645,PAGA,07-Apr-22
4646,PAGA,08-Apr-22
4647,PAGA,11-Apr-22
4648,PAGA,11-Apr-22
4649,PAGA,13-Apr-22
4650,PAGA,18-Apr-22
4651,PAGA,18-Apr-22
4652,PAGA,18-Apr-22
4653,PAGA,20-Apr-22
4654,PAGA,20-Apr-22
4655,PAGA,22-Apr-22
4656,PAGA,25-Apr-22
4657,PAGA,25-Apr-22
4658,PAGA,29-Apr-22
4660,PAGA,30-Apr-22
4661,PAGA,30-Apr-22
4681,PAGA,02-May-22
4682,PAGA,02-May-22
4683,PAGA,03-May-22
4684,PAGA,06-May-22
4685,PAGA,09-May-22
4686,PAGA,10-May-22
4687,PAGA,10-May-22
4688,PAGA,10-May-22
4689,PAGA,12-May-22
4690,PAGA,12-May-22
4691,PAGA,12-May-22
4692,PAGA,16-May-22
4693,PAGA,16-May-22
4694,PAGA,17-May-22
4695,PAGA,18-May-22
4711,PAGA,20-May-22
4712,PAGA,20-May-22
4713,PAGA,20-May-22
4714,PAGA,23-May-22
4715,PAGA,25-May-22
4716,PAGA,25-May-22
4717,PAGA,27-May-22
4718,PAGA,30-May-22
4719,PAGA,30-May-22
4724,PAGA,31-May-22
4725,PAGA,31-May-22
4734,PAGA,11-May-22
4747,PAGA,03-Jun-22
4748,PAGA,06-Jun-22
4749,PAGA,07-Jun-22
4750,PAGA,08-Jun-22
4751,PAGA,10-Jun-22
4752,PAGA,10-Jun-22
4753,PAGA,10-Jun-22
4754,PAGA,10-Jun-22
4763,PAGA,13-Jun-22
4764,PAGA,15-Jun-22
4765,PAGA,17-Jun-22
4766,PAGA,17-Jun-22
4767,PAGA,20-Jun-22
4768,PAGA,20-Jun-22
4769,PAGA,24-Jun-22
4770,PAGA,24-Jun-22
4771,PAGA,27-Jun-22
4809,PAGA,28-Jul-22
4810,PAGA,28-Jun-22
4811,PAGA,28-Jun-22
4812,PAGA,28-Jun-22
4813,PAGA,30-Jun-22
4814,PAGA,30-Jun-22
4833,PAGA,01-Jul-22
4834,PAGA,04-Jul-22
4835,PAGA,06-Jul-22
4837,PAGA,11-Jul-22
4838,PAGA,11-Jul-22
4839,PAGA,11-Jul-22
4840,PAGA,11-Jul-22
4841,PAGA,11-Jul-22
4842,PAGA,18-Jul-22
4843,PAGA,18-Jul-22
4844,PAGA,18-Jul-22
4845,PAGA,20-Jul-22
4846,PAGA,22-Jul-22
4847,PAGA,25-Jul-22
4848,PAGA,25-Jul-22
4849,PAGA,25-Jul-22
4850,PAGA,25-Jul-22
4851,PAGA,27-Jul-22
4852,PAGA,29-Jul-22
4853,PAGA,29-Jul-22
4854,PAGA,30-Jul-22
4855,PAGA,30-Jul-22
4856,PAGA,11-Jul-22
4864,PAGA,30-Jul-22
4865,PAGA,30-Jul-22
4895,PAGA,05-Aug-22
4896,PAGA,05-Aug-22
4897,PAGA,08-Aug-22
4898,PAGA,10-Aug-22
4899,PAGA,10-Aug-22
4900,PAGA,10-Aug-22
4901,PAGA,10-Aug-22
4902,PAGA,15-Aug-22
4903,PAGA,16-Aug-22
4904,PAGA,19-Aug-22
4905,PAGA,22-Aug-22
4906,PAGA,22-Aug-22
4907,PAGA,22-Aug-22
4908,PAGA,22-Aug-22
4909,PAGA,25-Aug-22
4910,PAGA,26-Aug-22
4911,PAGA,29-Aug-22
4912,PAGA,31-Aug-22
4913,PAGA,31-Aug-22
4944,PAGA,02-Sep-22
4945,PAGA,05-Sep-22
4946,PAGA,09-Sep-22
4947,PAGA,09-Sep-22
4948,PAGA,12-Sep-22
4949,PAGA,12-Sep-22
4950,PAGA,12-Sep-22
4951,PAGA,12-Sep-22
4952,PAGA,13-Sep-22
4953,PAGA,15-Sep-22
4954,PAGA,20-Sep-22
4955,PAGA,21-Sep-22
4956,PAGA,23-Sep-22
4962,PAGA,26-Sep-22
4963,PAGA,26-Sep-22
4964,PAGA,26-Sep-22
4965,PAGA,26-Sep-22
4966,PAGA,28-Sep-22
4971,PAGA,30-Sep-22
4973,PAGA,30-Sep-22
4974,PAGA,30-Sep-22
4975,PAGA,30-Sep-22
4976,PAGA,03-Oct-22
4979,PAGA,04-Oct-22
4989,PAGA,07-Oct-22
4994,PAGA,10-Oct-22
4995,PAGA,10-Oct-22
4996,PAGA,10-Oct-22
4997,PAGA,10-Oct-22
5003,PAGA,14-Oct-22
5004,PAGA,17-Oct-22
5005,PAGA,17-Oct-22
5014,PAGA,19-Oct-22
5015,PAGA,20-Oct-22
5016,PAGA,21-Oct-22
5017,PAGA,25-Oct-22
5018,PAGA,25-Oct-22
5019,PAGA,25-Oct-22
5023,PAGA,28-Oct-22
5024,PAGA,28-Oct-22
5025,PAGA,28-Oct-22
5027,PAGA,31-Oct-22
5052,PAGA,31-Oct-22
5053,PAGA,31-Oct-22
5068,PAGA,03-Nov-22
5069,PAGA,04-Nov-22
5070,PAGA,07-Nov-22
5071,PAGA,09-Nov-22
5072,PAGA,10-Nov-22
5073,PAGA,10-Nov-22
5074,PAGA,10-Nov-22
5075,PAGA,14-Nov-22
5076,PAGA,16-Nov-22
5077,PAGA,16-Nov-22
5078,PAGA,17-Nov-22
5079,PAGA,21-Nov-22
5080,PAGA,21-Nov-22
5081,PAGA,23-Nov-22
5082,PAGA,25-Nov-22
5083,PAGA,28-Nov-22
5084,PAGA,28-Nov-22
5113,PAGA,30-Nov-22
5114,PAGA,30-Nov-22
5133,PAGA,01-Dec-22
5134,PAGA,05-Dec-22
5135,PAGA,07-Dec-22
5136,PAGA,09-Dec-22
5137,PAGA,12-Dec-22
5138,PAGA,12-Dec-22
5139,PAGA,13-Dec-22
5140,PAGA,13-Dec-22
5141,PAGA,13-Dec-22
5142,PAGA,19-Dec-22
5143,PAGA,20-Dec-22
5144,PAGA,23-Dec-22
5145,PAGA,23-Dec-22
5146,PAGA,26-Dec-22
5147,PAGA,27-Dec-22
5148,PAGA,30-Dec-22
5149,PAGA,30-Dec-22
5150,PAGA,30-Dec-22
5221,PAGA,04-Jan-23
5222,PAGA,06-Jan-23
5223,PAGA,06-Jan-23
5224,PAGA,09-Jan-23
5225,PAGA,10-Jan-23
5226,PAGA,10-Jan-23
5227,PAGA,10-Jan-23
5228,PAGA,12-Jan-23
5229,PAGA,16-Jan-23
5230,PAGA,16-Jan-23
5231,PAGA,20-Jan-23
5232,PAGA,23-Jan-23
5233,PAGA,26-Jan-23
5234,PAGA,27-Jan-23
5235,PAGA,30-Jan-23
5236,PAGA,31-Jan-23
5237,PAGA,31-Jan-23
5258,PAGA,03-Feb-23
5259,PAGA,06-Feb-23
5260,PAGA,06-Feb-23
5261,PAGA,07-Feb-23
5262,PAGA,10-Feb-23
5263,PAGA,10-Feb-23
5264,PAGA,10-Feb-23
5265,PAGA,13-Feb-23
5266,PAGA,14-Feb-23
5267,PAGA,15-Feb-23
5268,PAGA,22-Feb-23
5269,PAGA,24-Feb-23
5270,PAGA,24-Feb-23
5271,PAGA,27-Feb-23
5272,PAGA,27-Feb-23
5273,PAGA,27-Feb-23
5274,PAGA,28-Feb-23
5277,PAGA,28-Feb-23
5278,PAGA,28-Feb-23
5311,PAGA,01-Mar-23
5312,PAGA,03-Mar-23
5313,PAGA,03-Mar-23
5314,PAGA,03-Mar-23
5315,PAGA,06-Mar-23
5316,PAGA,09-Mar-23
5317,PAGA,09-Mar-23
5318,PAGA,09-Mar-23
5319,PAGA,10-Mar-23
5320,PAGA,10-Mar-23
5321,PAGA,10-Mar-23
5322,PAGA,13-Mar-23
5323,PAGA,14-Mar-23
5324,PAGA,17-Mar-23
5325,PAGA,17-Mar-23
5327,PAGA,20-Mar-23
5328,PAGA,20-Mar-23
5329,PAGA,20-Mar-23
5330,PAGA,27-Mar-23
5331,PAGA,29-Mar-23
5332,PAGA,30-Mar-23
5333,PAGA,31-Mar-23
5334,PAGA,31-Mar-23
5335,PAGA,31-Mar-23
5374,PAGA,03-Apr-23
5375,PAGA,04-Apr-23
5376,PAGA,04-Apr-23
5377,PAGA,10-Apr-23
5378,PAGA,10-Apr-23
5379,PAGA,11-Apr-23
5380,PAGA,11-Apr-23
5381,PAGA,14-Apr-23
5382,PAGA,17-Apr-23
5383,PAGA,17-Apr-23
5384,PAGA,17-Apr-23
5385,PAGA,20-Apr-23
5386,PAGA,24-Apr-23
5387,PAGA,24-Apr-23
5388,PAGA,28-Apr-23
5389,PAGA,29-Apr-23
5390,PAGA,29-Apr-23
5450,PAGA,02-May-23
5451,PAGA,02-May-23
5452,PAGA,03-May-23
5453,PAGA,09-May-23
5454,PAGA,10-May-23
5455,PAGA,12-May-23
5456,PAGA,15-May-23
5457,PAGA,22-May-23
5458,PAGA,25-May-23
5459,PAGA,26-May-23
5460,PAGA,29-May-23
5461,PAGA,31-May-23
5462,PAGA,31-May-23
5491,PAGA,02-Jun-23
5492,PAGA,09-Jun-23
5493,PAGA,12-Jun-23
5494,PAGA,12-Jun-23
5495,PAGA,13-Jun-23
5496,PAGA,19-Jun-23
5497,PAGA,20-Jun-23
5498,PAGA,26-Jun-23
5499,PAGA,27-Jun-23
5500,PAGA,30-Jun-23
5501,PAGA,30-Jun-23
5518,PAGA,03-Jul-23
5519,PAGA,10-Jul-23
5582,PAGA,10-Jul-23
5583,PAGA,11-Jul-23
5584,PAGA,13-Jul-23
5585,PAGA,17-Jul-23
5586,PAGA,20-Jul-23
5587,PAGA,27-Jul-23
5588,PAGA,28-Jul-23
5589,PAGA,31-Jul-23
5590,PAGA,31-Jul-23
5592,PAGA,31-Jul-23
5593,PAGA,31-Jul-23
5765,PAGA,27-Jul-23
5913,PAGA,01-Aug-23
5914,PAGA,04-Aug-23
5915,PAGA,07-Aug-23
5916,PAGA,09-Aug-23
5917,PAGA,10-Aug-23
5918,PAGA,11-Aug-23
5919,PAGA,14-Aug-23
5920,PAGA,14-Aug-23
5921,PAGA,14-Aug-23
5922,PAGA,16-Aug-23
5923,PAGA,21-Aug-23
5924,PAGA,25-Aug-23
5925,PAGA,28-Aug-23
5926,PAGA,28-Aug-23
5927,PAGA,31-Aug-23
5929,PAGA,31-Aug-23
5930,PAGA,31-Aug-23
5931,PAGA,04-Sep-23
5932,PAGA,09-Sep-23
5933,PAGA,09-Sep-23
5934,PAGA,11-Sep-23
5935,PAGA,11-Sep-23
5936,PAGA,11-Sep-23
5937,PAGA,12-Sep-23
5938,PAGA,12-Sep-23
5939,PAGA,12-Sep-23
5941,PAGA,14-Sep-23
5942,PAGA,18-Sep-23
5943,PAGA,18-Sep-23
5944,PAGA,18-Sep-23
5945,PAGA,20-Sep-23
5946,PAGA,25-Sep-23
5947,PAGA,27-Sep-23
5951,PAGA,28-Sep-23
5952,PAGA,29-Sep-23
5953,PAGA,30-Sep-23
5954,PAGA,30-Sep-23
5957,PAGA,02-Oct-23
5958,PAGA,02-Oct-23
5959,PAGA,02-Oct-23
5960,PAGA,09-Oct-23
5961,PAGA,10-Oct-23
5962,PAGA,11-Oct-23
5963,PAGA,12-Oct-23
5964,PAGA,12-Oct-23
5965,PAGA,12-Oct-23
5966,PAGA,12-Oct-23
5967,PAGA,13-Oct-23
5968,PAGA,16-Oct-23
5969,PAGA,16-Oct-23
5970,PAGA,17-Oct-23
5971,PAGA,20-Oct-23
5972,PAGA,24-Oct-23
5973,PAGA,25-Oct-23
5974,PAGA,27-Oct-23
5975,PAGA,30-Oct-23
5976,PAGA,30-Oct-23
5977,PAGA,31-Oct-23
5978,PAGA,31-Oct-23
5979,PAGA,31-Oct-23
5983,PAGA,09-Nov-23
5984,PAGA,09-Nov-23
5985,PAGA,09-Nov-23
5986,PAGA,10-Nov-23
5987,PAGA,13-Nov-23
5988,PAGA,13-Nov-23
5989,PAGA,14-Nov-23
5990,PAGA,16-Nov-23
5991,PAGA,16-Nov-23
5992,PAGA,17-Nov-23
5993,PAGA,20-Nov-23
5994,PAGA,20-Nov-23
5995,PAGA,20-Nov-23
5996,PAGA,20-Nov-23
5997,PAGA,20-Nov-23
5998,PAGA,20-Nov-23
5999,PAGA,21-Nov-23
6000,PAGA,21-Nov-23
6001,PAGA,21-Nov-23
6002,PAGA,21-Nov-23
6063,PAGA,24-Nov-23
6064,PAGA,25-Nov-23
6065,PAGA,27-Nov-23
6066,PAGA,27-Nov-23
6067,PAGA,28-Nov-23
6068,PAGA,30-Nov-23
6069,PAGA,30-Nov-23
6097,PAGA,01-Dec-23
6098,PAGA,01-Dec-23
6099,PAGA,06-Dec-23
6100,PAGA,11-Dec-23
6101,PAGA,11-Dec-23
6102,PAGA,11-Dec-23
6103,PAGA,12-Dec-23
6104,PAGA,13-Dec-23
6105,PAGA,14-Dec-23
6106,PAGA,15-Dec-23
6107,PAGA,15-Dec-23
6110,PAGA,15-Dec-23
6111,PAGA,15-Dec-23
6112,PAGA,18-Dec-23
6113,PAGA,18-Dec-23
6114,PAGA,19-Dec-23
6115,PAGA,20-Dec-23
6116,PAGA,21-Dec-23
6117,PAGA,26-Dec-23
6118,PAGA,26-Dec-23
6119,PAGA,30-Dec-23
6120,PAGA,30-Dec-23
6121,PAGA,30-Dec-23
6131,PAGA,08-Jun-24
6132,PAGA,08-Jun-24
6133,PAGA,10-Jun-24
6134,PAGA,10-Jun-24
6135,PAGA,11-Jun-24
6136,PAGA,12-Jun-24
6138,PAGA,09-Jan-24
6139,PAGA,10-Jan-24
6140,PAGA,10-Jan-24
6141,PAGA,10-Jan-24
6142,PAGA,10-Jan-24
6143,PAGA,12-Jan-24
6144,PAGA,12-Jan-24
6145,PAGA,15-Jan-24
6146,PAGA,15-Jan-24
6147,PAGA,16-Jan-24
6148,PAGA,16-Jan-24
6149,PAGA,16-Jan-24
6150,PAGA,16-Jan-24
6151,PAGA,16-Jan-24
6152,PAGA,16-Jan-24
6153,PAGA,16-Jan-24
6154,PAGA,16-Jan-24
6155,PAGA,17-Jan-24
6156,PAGA,17-Jan-24
6157,PAGA,18-Jan-24
6158,PAGA,22-Jan-24
6159,PAGA,22-Jan-24
6160,PAGA,22-Jan-24
6161,PAGA,22-Jan-24
6162,PAGA,22-Jan-24
6163,PAGA,22-Jan-24
6164,PAGA,22-Jan-24
6165,PAGA,22-Jan-24
6166,PAGA,23-Jan-24
6167,PAGA,25-Jan-24
6168,PAGA,29-Jan-24
6169,PAGA,31-Jan-24
6170,PAGA,31-Jan-24
6171,PAGA,31-Jan-24
6175,PAGA,01-Feb-24
6176,PAGA,01-Feb-24
6177,PAGA,06-Feb-24
6178,PAGA,06-Feb-24
6179,PAGA,08-Feb-24
6180,PAGA,08-Feb-24
6181,PAGA,08-Feb-24
6182,PAGA,09-Feb-24
6183,PAGA,09-Feb-24
6184,PAGA,09-Feb-24
6185,PAGA,09-Feb-24
6186,PAGA,15-Feb-24
6187,PAGA,15-Feb-24
6188,PAGA,16-Feb-24
6189,PAGA,16-Feb-24
6190,PAGA,19-Feb-24
6191,PAGA,19-Feb-24
6192,PAGA,20-Feb-24
6193,PAGA,20-Feb-24
6194,PAGA,20-Feb-24
6195,PAGA,22-Feb-24
6196,PAGA,26-Feb-24
6197,PAGA,28-Feb-24
6198,PAGA,29-Feb-24
6199,PAGA,29-Feb-24
6210,PAGA,17-Jun-24
6211,PAGA,18-Jun-24
6212,PAGA,18-Jun-24
6213,PAGA,19-Jun-24
6214,PAGA,19-Jun-24
6215,PAGA,20-Jun-24
6216,PAGA,20-Jun-24
6217,PAGA,20-Jun-24
6218,PAGA,01-Mar-24
6316,PAGA,01-Mar-24
6317,PAGA,01-Mar-24
6319,PAGA,01-Mar-24
6320,PAGA,04-Mar-24
6321,PAGA,04-Mar-24
6322,PAGA,04-Mar-24
6323,PAGA,04-Mar-24
6324,PAGA,04-Mar-24
6325,PAGA,04-Mar-24
6326,PAGA,04-Mar-24
6327,PAGA,04-Mar-24
6328,PAGA,07-Mar-24
6329,PAGA,07-Mar-24
6330,PAGA,07-Mar-24
6331,PAGA,11-Mar-24
6332,PAGA,11-Mar-24
6333,PAGA,11-Mar-24
6334,PAGA,11-Mar-24
6335,PAGA,13-Mar-24
6336,PAGA,14-Mar-24
6337,PAGA,14-Mar-24
6338,PAGA,15-Mar-24
6339,PAGA,18-Mar-24
6340,PAGA,18-Mar-24
6341,PAGA,19-Mar-24
6342,PAGA,20-Mar-24
6343,PAGA,21-Mar-24
6344,PAGA,21-Mar-24
6345,PAGA,25-Mar-24
6362,PAGA,25-Mar-24
6363,PAGA,25-Mar-24
6364,PAGA,25-Mar-24
6365,PAGA,25-Mar-24
6377,PAGA,28-Mar-24
6378,PAGA,29-Mar-24
6379,PAGA,29-Mar-24
6380,PAGA,29-Mar-24
6381,PAGA,29-Mar-24
6559,PAGA,05-Mar-25
6560,PAGA,06-Mar-25
6561,PAGA,10-Mar-25
6562,PAGA,12-Mar-25
6563,PAGA,14-Mar-25
6564,PAGA,17-Mar-25
6565,PAGA,17-Mar-25
6566,PAGA,17-Mar-25
6567,PAGA,17-Mar-25
6568,PAGA,18-Mar-25
6569,PAGA,19-Mar-25
6570,PAGA,20-Mar-25
6571,PAGA,24-Mar-25
6572,PAGA,25-Mar-25
6573,PAGA,31-Mar-25
6574,PAGA,31-Mar-25
6577,PAGA,31-Mar-25
6578,PAGA,31-Mar-25